0:05:28,37.0,0.078,0.078,0.077,0.077,0.077,0.077,0.080,0.077,0.078,0.077,0.076,0.077,0.077,0.076,0.077,0.078,0.077,0.078,0.079,0.077,0.076,0.077,0.077,0.077,0.077,0.077,0.078,0.080,0.080,0.078,0.076,0.077,0.077,0.077,0.077,0.077,0.078,0.077,0.077,0.080,0.076,0.076,0.077,0.077,0.077,0.077,0.077,0.079,0.079,0.079,0.077,0.076,0.077,0.076,0.077,0.077,0.078,0.077,0.084,0.078
0:11:28,37.0,0.078,0.079,0.077,0.077,0.077,0.077,0.080,0.077,0.078,0.077,0.077,0.077,0.077,0.076,0.077,0.077,0.077,0.077,0.077,0.077,0.077,0.076,0.077,0.077,0.077,0.076,0.078,0.080,0.081,0.078,0.076,0.077,0.077,0.076,0.077,0.077,0.078,0.077,0.077,0.080,0.076,0.076,0.077,0.077,0.076,0.076,0.077,0.079,0.079,0.082,0.077,0.076,0.077,0.076,0.077,0.077,0.077,0.077,0.084,0.078
0:17:28,37.0,0.078,0.079,0.078,0.078,0.077,0.077,0.080,0.077,0.078,0.077,0.077,0.077,0.077,0.076,0.077,0.077,0.077,0.077,0.077,0.077,0.077,0.077,0.077,0.077,0.077,0.077,0.078,0.080,0.081,0.078,0.076,0.077,0.077,0.076,0.077,0.077,0.078,0.077,0.077,0.079,0.076,0.076,0.077,0.077,0.076,0.077,0.077,0.079,0.079,0.079,0.077,0.077,0.077,0.076,0.077,0.077,0.077,0.077,0.084,0.078
0:23:28,37.1,0.078,0.079,0.078,0.078,0.077,0.077,0.079,0.077,0.078,0.077,0.077,0.077,0.077,0.076,0.077,0.078,0.077,0.077,0.078,0.077,0.077,0.077,0.077,0.077,0.077,0.077,0.078,0.080,0.080,0.078,0.076,0.077,0.077,0.076,0.077,0.077,0.078,0.077,0.077,0.080,0.076,0.076,0.077,0.077,0.076,0.077,0.077,0.079,0.079,0.079,0.077,0.077,0.077,0.076,0.077,0.077,0.078,0.078,0.084,0.079
0:29:28,37.0,0.078,0.078,0.078,0.078,0.077,0.076,0.080,0.077,0.078,0.077,0.077,0.077,0.077,0.076,0.076,0.078,0.077,0.077,0.078,0.077,0.077,0.076,0.077,0.077,0.077,0.076,0.077,0.080,0.080,0.078,0.076,0.077,0.077,0.076,0.077,0.077,0.078,0.077,0.076,0.079,0.076,0.076,0.076,0.077,0.076,0.077,0.077,0.078,0.079,0.079,0.077,0.077,0.076,0.076,0.077,0.077,0.078,0.077,0.084,0.079
0:35:28,37.0,0.078,0.079,0.078,0.078,0.077,0.076,0.080,0.077,0.078,0.077,0.077,0.077,0.077,0.076,0.076,0.078,0.077,0.077,0.078,0.077,0.077,0.077,0.077,0.077,0.077,0.076,0.078,0.080,0.081,0.079,0.076,0.077,0.077,0.076,0.077,0.078,0.078,0.077,0.077,0.079,0.076,0.076,0.077,0.077,0.076,0.076,0.077,0.078,0.079,0.079,0.077,0.077,0.076,0.076,0.077,0.077,0.078,0.077,0.084,0.079
0:41:28,37.0,0.078,0.079,0.078,0.078,0.077,0.076,0.079,0.077,0.078,0.077,0.077,0.078,0.077,0.076,0.077,0.078,0.077,0.077,0.078,0.077,0.077,0.077,0.077,0.077,0.077,0.077,0.077,0.080,0.081,0.080,0.076,0.077,0.077,0.076,0.077,0.077,0.078,0.077,0.077,0.079,0.076,0.076,0.077,0.077,0.076,0.077,0.077,0.079,0.079,0.079,0.077,0.077,0.077,0.076,0.077,0.077,0.078,0.078,0.084,0.079
0:47:28,37.0,0.078,0.079,0.078,0.078,0.077,0.076,0.080,0.077,0.078,0.077,0.077,0.077,0.077,0.076,0.077,0.078,0.077,0.077,0.078,0.077,0.077,0.077,0.077,0.077,0.077,0.076,0.078,0.080,0.081,0.078,0.076,0.077,0.077,0.076,0.077,0.077,0.079,0.077,0.077,0.079,0.076,0.076,0.077,0.077,0.076,0.077,0.077,0.079,0.079,0.079,0.077,0.077,0.076,0.076,0.077,0.077,0.078,0.078,0.084,0.078
0:53:28,37.0,0.078,0.079,0.078,0.078,0.077,0.076,0.080,0.077,0.079,0.078,0.077,0.077,0.077,0.076,0.076,0.078,0.077,0.077,0.077,0.077,0.076,0.077,0.077,0.077,0.077,0.076,0.078,0.080,0.080,0.079,0.076,0.077,0.077,0.077,0.077,0.077,0.078,0.077,0.077,0.079,0.076,0.076,0.077,0.076,0.076,0.077,0.077,0.079,0.079,0.079,0.077,0.077,0.076,0.076,0.077,0.077,0.078,0.078,0.084,0.078
0:59:28,37.0,0.078,0.079,0.078,0.078,0.077,0.076,0.080,0.077,0.079,0.077,0.077,0.077,0.077,0.076,0.076,0.078,0.077,0.077,0.077,0.077,0.077,0.077,0.077,0.077,0.077,0.077,0.078,0.080,0.080,0.079,0.076,0.077,0.077,0.076,0.077,0.077,0.078,0.077,0.077,0.079,0.077,0.076,0.077,0.077,0.076,0.076,0.077,0.078,0.079,0.079,0.077,0.077,0.077,0.076,0.077,0.077,0.078,0.078,0.084,0.078
1:05:28,37.1,0.078,0.079,0.078,0.078,0.077,0.076,0.080,0.077,0.078,0.077,0.077,0.077,0.077,0.076,0.076,0.078,0.077,0.077,0.077,0.077,0.077,0.077,0.077,0.077,0.077,0.076,0.078,0.079,0.081,0.078,0.077,0.077,0.077,0.076,0.077,0.077,0.079,0.077,0.077,0.079,0.077,0.077,0.077,0.077,0.076,0.076,0.077,0.078,0.079,0.079,0.077,0.077,0.077,0.076,0.077,0.077,0.078,0.077,0.084,0.078
1:11:28,37.0,0.078,0.079,0.078,0.077,0.077,0.076,0.080,0.077,0.078,0.077,0.077,0.077,0.077,0.076,0.076,0.078,0.077,0.077,0.077,0.077,0.077,0.077,0.077,0.077,0.077,0.077,0.078,0.080,0.081,0.078,0.076,0.077,0.077,0.077,0.077,0.077,0.078,0.078,0.077,0.079,0.077,0.077,0.077,0.077,0.076,0.076,0.077,0.078,0.079,0.078,0.077,0.077,0.076,0.076,0.077,0.077,0.078,0.077,0.084,0.079
1:17:28,37.1,0.078,0.079,0.078,0.077,0.077,0.076,0.080,0.077,0.079,0.077,0.077,0.077,0.077,0.076,0.076,0.078,0.077,0.077,0.077,0.077,0.077,0.077,0.077,0.077,0.077,0.077,0.078,0.080,0.079,0.078,0.076,0.077,0.077,0.077,0.077,0.077,0.078,0.077,0.077,0.079,0.077,0.077,0.077,0.077,0.077,0.076,0.077,0.078,0.079,0.078,0.077,0.077,0.077,0.076,0.077,0.077,0.078,0.078,0.084,0.078
1:23:28,37.0,0.078,0.079,0.078,0.078,0.077,0.076,0.080,0.077,0.079,0.078,0.077,0.078,0.077,0.076,0.076,0.078,0.077,0.077,0.078,0.077,0.077,0.077,0.077,0.077,0.077,0.077,0.077,0.080,0.081,0.078,0.076,0.077,0.077,0.077,0.077,0.077,0.078,0.077,0.077,0.079,0.077,0.077,0.077,0.077,0.076,0.076,0.077,0.078,0.079,0.079,0.077,0.077,0.076,0.076,0.077,0.077,0.078,0.078,0.084,0.078
1:29:28,37.1,0.078,0.079,0.078,0.078,0.077,0.076,0.080,0.077,0.078,0.077,0.077,0.078,0.077,0.076,0.076,0.078,0.077,0.077,0.078,0.077,0.077,0.077,0.077,0.077,0.077,0.077,0.078,0.080,0.082,0.078,0.076,0.077,0.078,0.077,0.077,0.077,0.078,0.077,0.077,0.079,0.077,0.076,0.077,0.077,0.076,0.077,0.077,0.080,0.079,0.078,0.078,0.077,0.077,0.076,0.077,0.077,0.078,0.078,0.084,0.078
1:35:28,37.1,0.078,0.079,0.078,0.077,0.077,0.076,0.080,0.077,0.077,0.078,0.077,0.077,0.077,0.076,0.077,0.078,0.077,0.077,0.078,0.077,0.077,0.077,0.077,0.076,0.077,0.076,0.077,0.079,0.082,0.078,0.077,0.077,0.078,0.077,0.077,0.077,0.078,0.077,0.077,0.079,0.077,0.077,0.077,0.077,0.076,0.076,0.077,0.078,0.079,0.078,0.077,0.077,0.076,0.076,0.077,0.077,0.078,0.078,0.084,0.078
1:41:28,37.1,0.078,0.079,0.078,0.077,0.077,0.076,0.080,0.077,0.078,0.077,0.077,0.078,0.077,0.076,0.077,0.078,0.077,0.077,0.077,0.077,0.077,0.077,0.077,0.077,0.077,0.076,0.078,0.079,0.082,0.078,0.076,0.077,0.078,0.077,0.077,0.077,0.079,0.077,0.077,0.079,0.077,0.077,0.077,0.077,0.076,0.076,0.077,0.078,0.079,0.079,0.077,0.077,0.077,0.077,0.077,0.077,0.078,0.078,0.084,0.078
1:47:28,37.1,0.078,0.079,0.078,0.077,0.077,0.077,0.080,0.077,0.077,0.077,0.077,0.078,0.077,0.076,0.077,0.078,0.077,0.077,0.078,0.077,0.077,0.077,0.077,0.077,0.077,0.077,0.077,0.079,0.082,0.078,0.077,0.077,0.078,0.077,0.076,0.077,0.078,0.077,0.077,0.079,0.077,0.076,0.077,0.077,0.077,0.076,0.077,0.078,0.079,0.078,0.077,0.077,0.077,0.076,0.077,0.077,0.078,0.078,0.085,0.078
1:53:28,37.0,0.078,0.079,0.078,0.077,0.077,0.076,0.080,0.077,0.078,0.078,0.077,0.077,0.077,0.076,0.077,0.078,0.077,0.077,0.078,0.077,0.077,0.077,0.077,0.077,0.077,0.077,0.077,0.079,0.083,0.078,0.077,0.077,0.078,0.077,0.077,0.077,0.078,0.078,0.077,0.079,0.077,0.077,0.077,0.077,0.077,0.076,0.077,0.078,0.079,0.078,0.077,0.077,0.077,0.076,0.077,0.077,0.078,0.078,0.084,0.078
1:59:28,37.1,0.078,0.079,0.078,0.077,0.077,0.077,0.079,0.077,0.078,0.077,0.077,0.078,0.077,0.076,0.077,0.078,0.077,0.077,0.078,0.077,0.077,0.077,0.077,0.077,0.077,0.077,0.078,0.080,0.083,0.078,0.077,0.077,0.078,0.077,0.077,0.077,0.079,0.077,0.077,0.079,0.077,0.077,0.077,0.077,0.077,0.076,0.077,0.078,0.079,0.079,0.077,0.077,0.077,0.076,0.077,0.077,0.078,0.079,0.084,0.078
2:05:28,37.1,0.078,0.079,0.078,0.077,0.078,0.077,0.080,0.077,0.078,0.078,0.077,0.078,0.077,0.076,0.077,0.078,0.077,0.078,0.078,0.077,0.077,0.077,0.077,0.077,0.077,0.076,0.078,0.079,0.083,0.078,0.077,0.077,0.078,0.077,0.077,0.077,0.078,0.077,0.077,0.079,0.077,0.077,0.077,0.077,0.077,0.076,0.077,0.078,0.079,0.079,0.077,0.077,0.077,0.077,0.077,0.077,0.078,0.078,0.084,0.078
2:11:28,37.0,0.078,0.079,0.078,0.077,0.077,0.076,0.080,0.077,0.078,0.078,0.077,0.078,0.077,0.076,0.077,0.078,0.077,0.077,0.078,0.077,0.077,0.077,0.077,0.077,0.077,0.077,0.078,0.080,0.083,0.078,0.077,0.077,0.078,0.077,0.077,0.077,0.078,0.077,0.077,0.079,0.077,0.077,0.077,0.077,0.077,0.077,0.077,0.078,0.080,0.079,0.078,0.077,0.077,0.076,0.077,0.078,0.079,0.079,0.084,0.078
2:17:28,37.0,0.078,0.079,0.078,0.077,0.078,0.076,0.080,0.077,0.078,0.078,0.077,0.077,0.077,0.076,0.077,0.078,0.077,0.077,0.077,0.077,0.077,0.077,0.077,0.077,0.077,0.077,0.078,0.079,0.083,0.078,0.077,0.077,0.078,0.078,0.077,0.077,0.078,0.077,0.077,0.079,0.077,0.077,0.077,0.077,0.077,0.076,0.077,0.078,0.079,0.078,0.077,0.077,0.077,0.076,0.078,0.077,0.078,0.078,0.084,0.077
2:23:28,37.0,0.078,0.079,0.077,0.077,0.078,0.076,0.080,0.077,0.078,0.077,0.077,0.078,0.077,0.077,0.076,0.078,0.077,0.077,0.078,0.077,0.077,0.077,0.077,0.077,0.077,0.077,0.077,0.079,0.081,0.078,0.077,0.077,0.078,0.077,0.077,0.077,0.079,0.077,0.077,0.079,0.077,0.077,0.077,0.077,0.077,0.076,0.077,0.078,0.079,0.078,0.077,0.077,0.077,0.077,0.077,0.077,0.078,0.079,0.084,0.078
2:29:28,37.0,0.078,0.079,0.078,0.077,0.078,0.077,0.080,0.077,0.079,0.078,0.077,0.078,0.077,0.077,0.077,0.078,0.077,0.077,0.078,0.077,0.077,0.077,0.077,0.077,0.077,0.077,0.078,0.079,0.081,0.078,0.077,0.077,0.078,0.077,0.077,0.077,0.078,0.077,0.077,0.079,0.077,0.077,0.077,0.077,0.077,0.076,0.077,0.078,0.080,0.078,0.077,0.077,0.077,0.076,0.077,0.078,0.078,0.079,0.084,0.078
2:35:28,37.0,0.078,0.079,0.078,0.077,0.078,0.077,0.080,0.077,0.079,0.078,0.077,0.078,0.077,0.077,0.077,0.078,0.077,0.077,0.077,0.077,0.077,0.077,0.077,0.077,0.077,0.077,0.078,0.079,0.081,0.078,0.077,0.077,0.078,0.077,0.077,0.077,0.079,0.078,0.077,0.079,0.077,0.077,0.077,0.077,0.077,0.076,0.077,0.078,0.079,0.078,0.077,0.077,0.077,0.077,0.078,0.078,0.079,0.079,0.084,0.078
2:41:28,37.0,0.078,0.079,0.078,0.077,0.078,0.076,0.080,0.077,0.079,0.078,0.077,0.078,0.077,0.077,0.077,0.078,0.077,0.077,0.077,0.077,0.077,0.077,0.078,0.077,0.077,0.077,0.078,0.079,0.081,0.078,0.078,0.077,0.078,0.077,0.077,0.077,0.078,0.078,0.077,0.079,0.077,0.077,0.077,0.077,0.077,0.076,0.077,0.078,0.079,0.079,0.078,0.077,0.077,0.077,0.078,0.078,0.078,0.079,0.085,0.078
2:47:28,37.0,0.078,0.079,0.078,0.077,0.078,0.077,0.080,0.077,0.079,0.077,0.077,0.078,0.078,0.077,0.077,0.078,0.078,0.077,0.078,0.077,0.077,0.077,0.077,0.077,0.077,0.077,0.077,0.080,0.084,0.078,0.077,0.077,0.079,0.077,0.077,0.078,0.079,0.078,0.077,0.079,0.077,0.077,0.077,0.077,0.077,0.076,0.077,0.078,0.080,0.078,0.078,0.077,0.077,0.077,0.078,0.078,0.079,0.079,0.085,0.078
2:53:28,37.0,0.078,0.079,0.078,0.077,0.078,0.077,0.080,0.077,0.079,0.078,0.077,0.078,0.077,0.077,0.077,0.078,0.078,0.077,0.078,0.077,0.077,0.077,0.078,0.077,0.078,0.077,0.078,0.079,0.084,0.079,0.077,0.077,0.078,0.077,0.077,0.078,0.079,0.078,0.077,0.079,0.078,0.077,0.077,0.077,0.077,0.077,0.077,0.082,0.080,0.079,0.078,0.077,0.077,0.077,0.078,0.078,0.079,0.078,0.085,0.078
2:59:28,37.1,0.078,0.080,0.078,0.078,0.078,0.077,0.080,0.077,0.079,0.078,0.077,0.078,0.078,0.077,0.077,0.078,0.077,0.077,0.078,0.077,0.077,0.078,0.078,0.077,0.077,0.077,0.078,0.080,0.084,0.079,0.077,0.078,0.078,0.078,0.077,0.078,0.079,0.077,0.077,0.079,0.078,0.077,0.077,0.077,0.077,0.077,0.077,0.078,0.080,0.079,0.078,0.077,0.077,0.077,0.078,0.078,0.079,0.078,0.085,0.078
3:05:28,37.0,0.078,0.079,0.078,0.078,0.078,0.077,0.081,0.077,0.079,0.078,0.077,0.078,0.078,0.077,0.077,0.078,0.077,0.077,0.078,0.077,0.077,0.078,0.078,0.077,0.078,0.077,0.078,0.079,0.084,0.079,0.077,0.077,0.079,0.077,0.077,0.078,0.079,0.078,0.077,0.079,0.078,0.077,0.077,0.077,0.077,0.077,0.077,0.078,0.080,0.078,0.078,0.077,0.077,0.077,0.077,0.078,0.079,0.079,0.085,0.078
3:11:28,37.0,0.078,0.079,0.078,0.078,0.078,0.077,0.081,0.077,0.078,0.078,0.078,0.078,0.078,0.077,0.077,0.078,0.077,0.077,0.078,0.077,0.077,0.078,0.078,0.077,0.078,0.077,0.078,0.080,0.086,0.080,0.077,0.078,0.079,0.078,0.077,0.078,0.079,0.078,0.077,0.079,0.078,0.077,0.077,0.077,0.077,0.076,0.077,0.078,0.080,0.078,0.078,0.077,0.077,0.077,0.078,0.078,0.079,0.079,0.085,0.078
3:17:28,37.0,0.078,0.079,0.078,0.078,0.077,0.077,0.081,0.077,0.078,0.078,0.078,0.078,0.078,0.077,0.077,0.078,0.078,0.077,0.078,0.077,0.077,0.077,0.078,0.077,0.078,0.077,0.078,0.080,0.085,0.079,0.077,0.078,0.079,0.077,0.077,0.078,0.079,0.078,0.077,0.079,0.077,0.077,0.077,0.078,0.077,0.076,0.077,0.078,0.080,0.078,0.078,0.077,0.077,0.077,0.077,0.078,0.079,0.079,0.085,0.078
3:23:28,37.1,0.078,0.080,0.078,0.078,0.078,0.077,0.081,0.077,0.079,0.078,0.078,0.078,0.078,0.077,0.077,0.079,0.077,0.078,0.079,0.077,0.077,0.078,0.078,0.077,0.078,0.077,0.078,0.080,0.085,0.080,0.077,0.077,0.079,0.078,0.077,0.078,0.079,0.078,0.077,0.079,0.078,0.077,0.077,0.078,0.077,0.077,0.077,0.082,0.080,0.078,0.078,0.077,0.077,0.077,0.078,0.078,0.079,0.079,0.085,0.078
3:29:28,37.1,0.078,0.080,0.078,0.078,0.078,0.077,0.081,0.077,0.079,0.078,0.078,0.078,0.078,0.077,0.077,0.078,0.078,0.077,0.078,0.077,0.077,0.078,0.078,0.077,0.077,0.077,0.078,0.080,0.085,0.080,0.078,0.078,0.079,0.078,0.077,0.078,0.079,0.078,0.077,0.079,0.078,0.077,0.077,0.078,0.077,0.076,0.077,0.078,0.080,0.078,0.078,0.077,0.077,0.077,0.078,0.078,0.079,0.079,0.085,0.078
3:35:28,37.0,0.078,0.080,0.079,0.078,0.078,0.077,0.081,0.077,0.079,0.078,0.078,0.078,0.078,0.077,0.077,0.078,0.078,0.078,0.079,0.077,0.077,0.078,0.078,0.077,0.078,0.077,0.078,0.080,0.086,0.079,0.077,0.078,0.079,0.078,0.077,0.078,0.079,0.078,0.077,0.079,0.077,0.077,0.077,0.077,0.077,0.077,0.077,0.079,0.080,0.078,0.078,0.077,0.077,0.077,0.078,0.078,0.079,0.079,0.085,0.078
3:41:28,37.0,0.078,0.080,0.078,0.078,0.078,0.077,0.081,0.077,0.078,0.078,0.078,0.078,0.078,0.077,0.077,0.079,0.078,0.078,0.079,0.077,0.078,0.077,0.078,0.077,0.078,0.077,0.078,0.080,0.086,0.078,0.077,0.078,0.079,0.078,0.077,0.078,0.079,0.078,0.077,0.079,0.078,0.077,0.077,0.078,0.077,0.077,0.077,0.078,0.080,0.078,0.078,0.077,0.077,0.077,0.078,0.078,0.079,0.079,0.085,0.078
3:47:28,37.0,0.078,0.079,0.078,0.078,0.078,0.077,0.081,0.077,0.078,0.078,0.078,0.078,0.078,0.077,0.077,0.079,0.078,0.078,0.078,0.077,0.078,0.078,0.079,0.078,0.078,0.077,0.078,0.080,0.086,0.078,0.077,0.078,0.079,0.079,0.077,0.078,0.079,0.078,0.078,0.079,0.078,0.077,0.077,0.078,0.077,0.077,0.077,0.078,0.080,0.078,0.078,0.077,0.077,0.077,0.078,0.078,0.079,0.079,0.085,0.078
3:53:28,37.1,0.078,0.080,0.079,0.078,0.078,0.077,0.081,0.078,0.079,0.078,0.078,0.078,0.078,0.077,0.077,0.079,0.078,0.078,0.078,0.077,0.078,0.078,0.079,0.078,0.078,0.077,0.078,0.080,0.086,0.078,0.078,0.078,0.079,0.079,0.078,0.078,0.079,0.078,0.078,0.079,0.078,0.078,0.077,0.078,0.077,0.077,0.077,0.078,0.080,0.078,0.078,0.077,0.077,0.077,0.078,0.078,0.079,0.079,0.085,0.078
3:59:28,37.0,0.078,0.080,0.079,0.078,0.078,0.077,0.081,0.077,0.079,0.078,0.078,0.078,0.079,0.077,0.077,0.079,0.078,0.078,0.078,0.077,0.078,0.078,0.079,0.078,0.078,0.077,0.078,0.080,0.086,0.078,0.078,0.078,0.080,0.079,0.078,0.078,0.079,0.078,0.077,0.079,0.078,0.078,0.077,0.078,0.077,0.077,0.077,0.084,0.080,0.078,0.078,0.077,0.077,0.077,0.078,0.078,0.079,0.079,0.085,0.077
4:05:28,37.0,0.078,0.080,0.079,0.078,0.078,0.077,0.081,0.078,0.078,0.078,0.078,0.078,0.079,0.077,0.077,0.079,0.078,0.078,0.078,0.077,0.078,0.078,0.079,0.078,0.078,0.077,0.078,0.080,0.087,0.079,0.078,0.078,0.080,0.079,0.078,0.078,0.079,0.078,0.078,0.079,0.078,0.078,0.077,0.078,0.077,0.077,0.077,0.081,0.080,0.078,0.078,0.077,0.077,0.077,0.078,0.078,0.079,0.079,0.085,0.078
4:11:28,37.1,0.078,0.080,0.079,0.078,0.078,0.077,0.081,0.078,0.078,0.078,0.079,0.079,0.079,0.077,0.077,0.079,0.078,0.078,0.079,0.077,0.078,0.078,0.079,0.078,0.078,0.077,0.078,0.080,0.087,0.079,0.079,0.078,0.080,0.079,0.078,0.078,0.079,0.078,0.078,0.079,0.078,0.078,0.078,0.078,0.077,0.077,0.077,0.079,0.080,0.078,0.078,0.078,0.077,0.077,0.078,0.078,0.079,0.079,0.085,0.078
4:17:28,37.0,0.078,0.080,0.079,0.078,0.078,0.077,0.082,0.078,0.079,0.078,0.078,0.079,0.079,0.078,0.077,0.079,0.078,0.078,0.079,0.077,0.078,0.078,0.079,0.078,0.078,0.077,0.078,0.080,0.087,0.079,0.078,0.078,0.080,0.078,0.078,0.078,0.079,0.078,0.078,0.079,0.078,0.078,0.078,0.078,0.077,0.077,0.077,0.079,0.080,0.078,0.078,0.078,0.077,0.077,0.078,0.078,0.079,0.079,0.086,0.078
4:23:28,37.1,0.078,0.080,0.079,0.079,0.079,0.077,0.082,0.078,0.078,0.078,0.079,0.079,0.079,0.078,0.077,0.079,0.078,0.078,0.080,0.077,0.078,0.078,0.079,0.078,0.078,0.078,0.078,0.080,0.088,0.079,0.079,0.078,0.080,0.079,0.078,0.078,0.079,0.078,0.078,0.079,0.078,0.078,0.078,0.078,0.077,0.077,0.077,0.079,0.080,0.078,0.078,0.078,0.077,0.077,0.078,0.078,0.079,0.079,0.086,0.078
4:29:28,37.0,0.078,0.080,0.079,0.079,0.079,0.077,0.082,0.078,0.079,0.078,0.078,0.079,0.079,0.078,0.078,0.079,0.078,0.078,0.079,0.077,0.078,0.078,0.079,0.078,0.079,0.077,0.078,0.080,0.089,0.079,0.078,0.078,0.080,0.079,0.078,0.078,0.079,0.078,0.078,0.079,0.079,0.078,0.078,0.078,0.077,0.077,0.077,0.085,0.080,0.078,0.078,0.078,0.077,0.077,0.078,0.078,0.079,0.079,0.085,0.078
4:35:28,37.1,0.078,0.080,0.079,0.079,0.078,0.078,0.082,0.078,0.079,0.078,0.079,0.079,0.079,0.078,0.078,0.079,0.078,0.078,0.079,0.077,0.078,0.079,0.079,0.078,0.079,0.078,0.078,0.080,0.088,0.079,0.079,0.078,0.080,0.079,0.078,0.079,0.079,0.078,0.078,0.079,0.079,0.078,0.078,0.078,0.078,0.077,0.077,0.079,0.081,0.078,0.078,0.078,0.077,0.077,0.078,0.078,0.080,0.079,0.086,0.078
4:41:28,37.0,0.078,0.080,0.079,0.079,0.078,0.077,0.082,0.078,0.079,0.078,0.079,0.079,0.079,0.078,0.078,0.079,0.078,0.078,0.079,0.077,0.078,0.079,0.080,0.078,0.078,0.078,0.078,0.080,0.086,0.078,0.079,0.078,0.080,0.079,0.078,0.079,0.079,0.079,0.078,0.079,0.079,0.078,0.078,0.078,0.078,0.077,0.077,0.086,0.081,0.078,0.079,0.078,0.077,0.077,0.079,0.078,0.080,0.079,0.085,0.078
4:47:28,37.0,0.079,0.080,0.080,0.079,0.079,0.078,0.082,0.079,0.079,0.078,0.079,0.079,0.080,0.078,0.078,0.080,0.078,0.078,0.080,0.077,0.078,0.079,0.080,0.078,0.079,0.078,0.079,0.080,0.089,0.079,0.080,0.079,0.081,0.080,0.078,0.079,0.079,0.078,0.078,0.079,0.079,0.078,0.078,0.079,0.078,0.078,0.077,0.079,0.081,0.078,0.079,0.078,0.078,0.077,0.079,0.078,0.080,0.079,0.086,0.078
4:53:28,37.0,0.079,0.080,0.080,0.079,0.078,0.077,0.082,0.078,0.079,0.078,0.080,0.079,0.080,0.078,0.078,0.080,0.078,0.078,0.080,0.077,0.079,0.079,0.080,0.079,0.079,0.078,0.079,0.080,0.089,0.079,0.080,0.079,0.081,0.081,0.078,0.079,0.080,0.079,0.078,0.079,0.079,0.079,0.078,0.078,0.078,0.077,0.077,0.080,0.080,0.078,0.079,0.078,0.078,0.077,0.079,0.079,0.080,0.080,0.086,0.078
4:59:28,37.0,0.079,0.081,0.080,0.079,0.079,0.078,0.083,0.078,0.080,0.078,0.079,0.079,0.080,0.079,0.078,0.080,0.078,0.079,0.080,0.077,0.079,0.079,0.080,0.078,0.079,0.078,0.079,0.080,0.087,0.079,0.079,0.079,0.081,0.080,0.078,0.079,0.080,0.079,0.078,0.079,0.079,0.079,0.078,0.079,0.078,0.077,0.078,0.079,0.081,0.078,0.079,0.078,0.078,0.078,0.079,0.079,0.080,0.079,0.085,0.077
5:05:28,37.1,0.079,0.081,0.080,0.079,0.079,0.078,0.083,0.079,0.079,0.078,0.080,0.079,0.080,0.079,0.078,0.080,0.078,0.079,0.080,0.077,0.079,0.079,0.080,0.079,0.079,0.078,0.079,0.081,0.087,0.078,0.080,0.079,0.081,0.081,0.079,0.079,0.080,0.079,0.079,0.079,0.080,0.079,0.078,0.079,0.078,0.078,0.078,0.079,0.081,0.078,0.079,0.078,0.078,0.078,0.078,0.079,0.080,0.080,0.085,0.078
5:11:28,37.0,0.079,0.081,0.080,0.079,0.079,0.078,0.083,0.079,0.079,0.078,0.080,0.079,0.080,0.079,0.079,0.080,0.078,0.079,0.081,0.077,0.079,0.079,0.080,0.079,0.079,0.078,0.079,0.080,0.090,0.078,0.081,0.079,0.081,0.081,0.078,0.079,0.080,0.079,0.079,0.079,0.080,0.079,0.078,0.079,0.078,0.077,0.078,0.079,0.081,0.078,0.079,0.078,0.078,0.078,0.079,0.079,0.080,0.080,0.086,0.077
5:17:28,37.1,0.079,0.080,0.080,0.079,0.079,0.078,0.083,0.079,0.080,0.078,0.080,0.079,0.080,0.079,0.078,0.080,0.079,0.079,0.080,0.077,0.079,0.079,0.081,0.079,0.079,0.078,0.079,0.081,0.089,0.078,0.081,0.079,0.081,0.081,0.079,0.079,0.080,0.079,0.079,0.079,0.080,0.079,0.078,0.079,0.078,0.078,0.078,0.083,0.081,0.078,0.079,0.078,0.078,0.078,0.079,0.079,0.080,0.080,0.085,0.078
5:23:28,37.0,0.079,0.080,0.081,0.080,0.079,0.078,0.083,0.079,0.080,0.078,0.080,0.080,0.081,0.079,0.079,0.080,0.079,0.079,0.080,0.077,0.079,0.079,0.081,0.079,0.080,0.079,0.079,0.081,0.090,0.078,0.082,0.079,0.082,0.081,0.079,0.079,0.080,0.079,0.079,0.079,0.080,0.079,0.079,0.079,0.078,0.078,0.078,0.080,0.081,0.078,0.079,0.078,0.078,0.078,0.079,0.079,0.080,0.080,0.086,0.078
5:29:28,37.1,0.079,0.081,0.080,0.080,0.079,0.078,0.084,0.079,0.080,0.077,0.080,0.080,0.081,0.079,0.079,0.080,0.079,0.079,0.081,0.077,0.079,0.080,0.081,0.079,0.079,0.079,0.079,0.081,0.090,0.078,0.081,0.079,0.082,0.081,0.079,0.079,0.080,0.079,0.079,0.079,0.080,0.079,0.079,0.079,0.078,0.078,0.078,0.079,0.081,0.078,0.079,0.078,0.078,0.078,0.079,0.079,0.080,0.080,0.086,0.078
5:35:28,37.0,0.079,0.081,0.081,0.080,0.080,0.078,0.084,0.079,0.079,0.077,0.080,0.080,0.081,0.079,0.079,0.081,0.079,0.079,0.081,0.077,0.079,0.080,0.081,0.079,0.080,0.079,0.079,0.081,0.091,0.078,0.082,0.079,0.082,0.081,0.079,0.079,0.080,0.080,0.079,0.079,0.080,0.080,0.079,0.080,0.078,0.078,0.078,0.080,0.081,0.078,0.080,0.079,0.078,0.078,0.079,0.079,0.081,0.080,0.086,0.077
5:41:28,37.0,0.079,0.081,0.082,0.080,0.080,0.078,0.084,0.079,0.080,0.078,0.081,0.080,0.081,0.080,0.079,0.081,0.079,0.079,0.081,0.077,0.079,0.080,0.081,0.080,0.080,0.079,0.079,0.081,0.091,0.078,0.083,0.080,0.082,0.082,0.079,0.080,0.080,0.080,0.079,0.079,0.081,0.080,0.079,0.080,0.078,0.078,0.078,0.080,0.081,0.078,0.080,0.079,0.078,0.078,0.079,0.079,0.081,0.080,0.086,0.078
5:47:28,37.0,0.079,0.081,0.081,0.080,0.080,0.078,0.084,0.080,0.080,0.078,0.081,0.080,0.081,0.080,0.079,0.081,0.079,0.080,0.082,0.077,0.080,0.080,0.082,0.080,0.080,0.079,0.080,0.081,0.092,0.078,0.083,0.080,0.083,0.082,0.079,0.080,0.080,0.080,0.079,0.079,0.081,0.080,0.079,0.080,0.078,0.078,0.078,0.080,0.081,0.078,0.080,0.079,0.079,0.079,0.079,0.079,0.081,0.080,0.086,0.077
5:53:28,37.0,0.080,0.081,0.081,0.081,0.080,0.078,0.085,0.080,0.081,0.078,0.081,0.080,0.082,0.080,0.079,0.081,0.079,0.080,0.082,0.077,0.080,0.080,0.082,0.080,0.080,0.079,0.080,0.082,0.093,0.078,0.084,0.080,0.083,0.082,0.079,0.080,0.081,0.080,0.079,0.079,0.081,0.081,0.079,0.080,0.079,0.078,0.078,0.080,0.082,0.078,0.080,0.079,0.079,0.079,0.080,0.080,0.081,0.080,0.086,0.078
5:59:28,37.0,0.080,0.081,0.081,0.081,0.080,0.079,0.085,0.080,0.081,0.078,0.081,0.081,0.082,0.080,0.079,0.082,0.079,0.080,0.082,0.077,0.080,0.080,0.082,0.080,0.080,0.080,0.080,0.081,0.093,0.079,0.083,0.080,0.083,0.083,0.079,0.080,0.080,0.080,0.079,0.079,0.081,0.081,0.079,0.081,0.078,0.078,0.078,0.088,0.082,0.078,0.080,0.079,0.079,0.079,0.080,0.079,0.081,0.081,0.086,0.077
6:05:28,37.0,0.080,0.081,0.082,0.081,0.080,0.079,0.085,0.080,0.081,0.078,0.082,0.081,0.082,0.081,0.080,0.082,0.079,0.080,0.082,0.077,0.080,0.081,0.082,0.080,0.081,0.079,0.080,0.081,0.094,0.078,0.084,0.080,0.083,0.083,0.080,0.081,0.081,0.080,0.080,0.079,0.082,0.081,0.079,0.081,0.078,0.078,0.079,0.080,0.082,0.078,0.080,0.079,0.079,0.079,0.080,0.080,0.081,0.081,0.086,0.078
6:11:28,37.0,0.080,0.081,0.082,0.081,0.080,0.079,0.086,0.080,0.082,0.078,0.082,0.081,0.082,0.081,0.080,0.082,0.080,0.080,0.082,0.077,0.080,0.081,0.083,0.081,0.081,0.080,0.080,0.082,0.095,0.078,0.083,0.080,0.084,0.083,0.080,0.081,0.081,0.081,0.080,0.079,0.082,0.081,0.080,0.081,0.078,0.078,0.078,0.081,0.082,0.078,0.081,0.079,0.079,0.079,0.080,0.080,0.081,0.081,0.087,0.078
6:17:28,37.0,0.080,0.081,0.083,0.082,0.081,0.079,0.086,0.080,0.081,0.077,0.082,0.081,0.083,0.081,0.080,0.082,0.080,0.080,0.083,0.077,0.080,0.081,0.083,0.081,0.081,0.080,0.080,0.082,0.098,0.078,0.084,0.081,0.084,0.083,0.080,0.081,0.081,0.080,0.080,0.079,0.082,0.082,0.080,0.082,0.078,0.078,0.079,0.083,0.082,0.079,0.081,0.079,0.079,0.079,0.080,0.080,0.082,0.081,0.087,0.077
6:23:28,37.0,0.080,0.081,0.083,0.082,0.081,0.079,0.086,0.081,0.081,0.078,0.083,0.082,0.083,0.081,0.080,0.082,0.080,0.080,0.082,0.077,0.081,0.082,0.083,0.081,0.081,0.080,0.080,0.082,0.100,0.078,0.084,0.081,0.085,0.084,0.080,0.081,0.081,0.081,0.081,0.079,0.083,0.082,0.080,0.082,0.079,0.079,0.079,0.081,0.083,0.078,0.081,0.080,0.079,0.080,0.080,0.080,0.082,0.081,0.088,0.077
6:29:28,37.0,0.080,0.082,0.083,0.083,0.080,0.079,0.086,0.081,0.082,0.078,0.083,0.082,0.083,0.082,0.080,0.083,0.080,0.081,0.083,0.077,0.081,0.082,0.084,0.081,0.082,0.080,0.080,0.082,0.101,0.078,0.084,0.081,0.085,0.084,0.080,0.081,0.082,0.081,0.080,0.079,0.083,0.082,0.080,0.082,0.079,0.079,0.079,0.085,0.083,0.078,0.081,0.080,0.080,0.080,0.080,0.080,0.082,0.081,0.088,0.078
6:35:28,37.1,0.080,0.082,0.084,0.082,0.081,0.080,0.087,0.081,0.082,0.078,0.083,0.082,0.084,0.082,0.081,0.083,0.080,0.081,0.084,0.077,0.081,0.082,0.084,0.082,0.082,0.081,0.080,0.083,0.102,0.078,0.085,0.081,0.086,0.084,0.080,0.081,0.082,0.081,0.081,0.079,0.084,0.082,0.080,0.082,0.079,0.080,0.079,0.081,0.083,0.078,0.082,0.080,0.080,0.080,0.081,0.080,0.082,0.082,0.088,0.078
6:41:28,37.0,0.080,0.082,0.084,0.083,0.081,0.080,0.087,0.081,0.081,0.078,0.084,0.083,0.084,0.083,0.081,0.083,0.080,0.081,0.083,0.077,0.081,0.083,0.084,0.082,0.082,0.081,0.080,0.082,0.104,0.078,0.085,0.082,0.086,0.084,0.080,0.082,0.082,0.081,0.081,0.079,0.084,0.083,0.080,0.083,0.079,0.079,0.079,0.081,0.083,0.078,0.082,0.080,0.080,0.080,0.081,0.081,0.082,0.082,0.088,0.077
6:47:28,37.0,0.081,0.082,0.084,0.083,0.081,0.080,0.088,0.082,0.082,0.077,0.084,0.083,0.084,0.083,0.081,0.084,0.080,0.081,0.084,0.078,0.082,0.082,0.085,0.082,0.082,0.081,0.081,0.083,0.105,0.078,0.086,0.082,0.086,0.084,0.081,0.082,0.082,0.081,0.082,0.079,0.085,0.083,0.080,0.083,0.079,0.079,0.079,0.082,0.083,0.080,0.082,0.080,0.080,0.080,0.081,0.081,0.083,0.082,0.089,0.077
6:53:28,37.0,0.081,0.083,0.085,0.083,0.082,0.080,0.088,0.082,0.082,0.078,0.084,0.083,0.085,0.083,0.082,0.084,0.081,0.082,0.085,0.077,0.082,0.083,0.085,0.083,0.083,0.082,0.081,0.083,0.106,0.078,0.086,0.082,0.087,0.086,0.081,0.082,0.082,0.082,0.082,0.079,0.085,0.083,0.081,0.084,0.079,0.079,0.079,0.082,0.084,0.078,0.082,0.080,0.080,0.081,0.081,0.081,0.083,0.082,0.089,0.077
6:59:28,37.0,0.081,0.082,0.085,0.084,0.082,0.080,0.089,0.082,0.082,0.078,0.085,0.083,0.085,0.084,0.082,0.084,0.081,0.082,0.085,0.077,0.082,0.083,0.086,0.083,0.083,0.082,0.081,0.083,0.109,0.078,0.087,0.083,0.087,0.086,0.081,0.083,0.082,0.082,0.082,0.079,0.086,0.084,0.081,0.084,0.080,0.079,0.079,0.082,0.084,0.078,0.082,0.080,0.081,0.081,0.081,0.081,0.083,0.082,0.089,0.077
7:05:28,37.0,0.081,0.083,0.085,0.084,0.082,0.080,0.090,0.082,0.082,0.078,0.086,0.084,0.086,0.084,0.082,0.085,0.081,0.082,0.085,0.077,0.083,0.083,0.086,0.083,0.083,0.082,0.081,0.084,0.110,0.078,0.087,0.083,0.088,0.086,0.081,0.083,0.083,0.082,0.082,0.079,0.086,0.085,0.081,0.085,0.079,0.080,0.080,0.084,0.084,0.079,0.083,0.080,0.081,0.081,0.082,0.081,0.084,0.082,0.089,0.078
7:11:28,37.1,0.081,0.083,0.086,0.085,0.083,0.081,0.090,0.083,0.083,0.078,0.086,0.084,0.086,0.085,0.082,0.085,0.081,0.082,0.085,0.077,0.083,0.084,0.086,0.084,0.083,0.082,0.081,0.084,0.111,0.078,0.088,0.083,0.088,0.087,0.081,0.083,0.083,0.082,0.082,0.079,0.087,0.085,0.081,0.085,0.080,0.080,0.080,0.085,0.084,0.078,0.083,0.081,0.081,0.081,0.082,0.081,0.084,0.082,0.089,0.078
7:17:28,37.1,0.082,0.083,0.086,0.085,0.083,0.081,0.091,0.083,0.083,0.078,0.087,0.085,0.086,0.085,0.083,0.086,0.082,0.083,0.086,0.077,0.083,0.085,0.086,0.084,0.084,0.083,0.081,0.084,0.113,0.078,0.088,0.084,0.089,0.087,0.082,0.083,0.083,0.083,0.083,0.079,0.088,0.085,0.082,0.086,0.080,0.080,0.080,0.085,0.084,0.078,0.083,0.081,0.081,0.081,0.082,0.082,0.084,0.082,0.090,0.077
7:23:28,37.1,0.082,0.084,0.087,0.086,0.083,0.081,0.091,0.084,0.084,0.078,0.087,0.085,0.087,0.086,0.083,0.086,0.082,0.083,0.086,0.077,0.084,0.085,0.087,0.085,0.084,0.083,0.082,0.085,0.116,0.078,0.089,0.084,0.089,0.088,0.082,0.084,0.084,0.083,0.083,0.079,0.088,0.086,0.082,0.087,0.080,0.081,0.080,0.083,0.085,0.078,0.084,0.081,0.082,0.082,0.083,0.082,0.084,0.083,0.090,0.077
7:29:28,37.0,0.082,0.084,0.087,0.086,0.083,0.082,0.092,0.084,0.083,0.077,0.088,0.086,0.087,0.086,0.083,0.087,0.082,0.083,0.087,0.077,0.084,0.086,0.088,0.085,0.084,0.084,0.082,0.085,0.118,0.078,0.090,0.085,0.090,0.089,0.082,0.084,0.084,0.083,0.083,0.079,0.089,0.086,0.082,0.087,0.080,0.081,0.080,0.085,0.085,0.078,0.084,0.081,0.082,0.082,0.083,0.082,0.085,0.083,0.090,0.077
7:35:28,37.1,0.083,0.084,0.088,0.087,0.084,0.082,0.093,0.084,0.084,0.077,0.089,0.087,0.088,0.087,0.084,0.087,0.082,0.084,0.087,0.077,0.085,0.086,0.088,0.086,0.085,0.084,0.082,0.085,0.121,0.078,0.090,0.085,0.091,0.090,0.082,0.085,0.084,0.084,0.084,0.079,0.090,0.087,0.083,0.088,0.080,0.082,0.081,0.085,0.085,0.078,0.085,0.082,0.082,0.082,0.083,0.082,0.085,0.083,0.091,0.078
7:41:28,37.1,0.083,0.084,0.089,0.087,0.084,0.083,0.094,0.085,0.084,0.077,0.089,0.087,0.089,0.088,0.084,0.088,0.083,0.084,0.087,0.077,0.085,0.086,0.089,0.086,0.085,0.085,0.082,0.086,0.123,0.078,0.091,0.086,0.091,0.091,0.083,0.085,0.084,0.084,0.084,0.079,0.091,0.088,0.083,0.089,0.080,0.082,0.081,0.091,0.086,0.078,0.085,0.082,0.083,0.083,0.083,0.083,0.086,0.084,0.091,0.077
7:47:28,37.0,0.083,0.085,0.089,0.088,0.085,0.083,0.095,0.085,0.085,0.078,0.090,0.088,0.089,0.089,0.084,0.088,0.083,0.085,0.088,0.077,0.086,0.087,0.089,0.087,0.086,0.085,0.083,0.086,0.125,0.078,0.092,0.086,0.092,0.092,0.083,0.086,0.085,0.085,0.084,0.079,0.093,0.089,0.083,0.090,0.081,0.082,0.081,0.085,0.086,0.078,0.086,0.082,0.083,0.083,0.084,0.083,0.086,0.084,0.092,0.077
7:53:28,37.1,0.083,0.085,0.090,0.089,0.085,0.083,0.096,0.086,0.086,0.078,0.091,0.088,0.090,0.090,0.085,0.089,0.084,0.085,0.089,0.077,0.086,0.088,0.090,0.087,0.086,0.086,0.083,0.086,0.128,0.078,0.093,0.087,0.092,0.093,0.083,0.086,0.085,0.085,0.085,0.079,0.094,0.089,0.083,0.090,0.081,0.082,0.081,0.085,0.086,0.078,0.086,0.082,0.083,0.084,0.084,0.084,0.087,0.085,0.092,0.077
7:59:28,37.0,0.084,0.086,0.091,0.089,0.086,0.084,0.097,0.086,0.086,0.077,0.092,0.089,0.091,0.091,0.085,0.090,0.084,0.085,0.089,0.077,0.087,0.088,0.091,0.088,0.086,0.086,0.083,0.087,0.133,0.078,0.094,0.087,0.093,0.094,0.084,0.087,0.085,0.085,0.086,0.079,0.095,0.090,0.084,0.091,0.081,0.082,0.081,0.086,0.087,0.078,0.087,0.083,0.084,0.084,0.085,0.084,0.087,0.085,0.093,0.077
8:05:28,37.0,0.084,0.086,0.091,0.090,0.086,0.084,0.098,0.087,0.087,0.078,0.093,0.090,0.092,0.091,0.086,0.090,0.085,0.086,0.091,0.077,0.088,0.089,0.092,0.089,0.087,0.087,0.084,0.087,0.137,0.078,0.095,0.088,0.094,0.095,0.084,0.087,0.086,0.086,0.086,0.079,0.096,0.092,0.084,0.092,0.081,0.083,0.082,0.086,0.087,0.078,0.087,0.083,0.084,0.085,0.085,0.084,0.088,0.085,0.093,0.077
8:11:28,37.0,0.085,0.086,0.092,0.091,0.087,0.084,0.099,0.087,0.087,0.078,0.094,0.091,0.092,0.093,0.086,0.091,0.085,0.087,0.092,0.077,0.088,0.090,0.093,0.089,0.087,0.087,0.084,0.088,0.140,0.078,0.096,0.088,0.095,0.096,0.085,0.088,0.086,0.087,0.086,0.079,0.097,0.092,0.085,0.094,0.082,0.084,0.082,0.087,0.088,0.078,0.088,0.084,0.085,0.085,0.086,0.085,0.088,0.086,0.094,0.077
8:17:28,37.0,0.085,0.086,0.094,0.092,0.087,0.085,0.101,0.088,0.088,0.077,0.095,0.091,0.093,0.093,0.087,0.092,0.085,0.088,0.092,0.077,0.089,0.091,0.094,0.090,0.088,0.088,0.085,0.088,0.144,0.078,0.097,0.089,0.096,0.097,0.085,0.089,0.087,0.087,0.087,0.079,0.099,0.094,0.085,0.096,0.082,0.084,0.083,0.088,0.088,0.079,0.089,0.084,0.085,0.086,0.086,0.085,0.089,0.087,0.095,0.077
8:23:28,37.1,0.086,0.087,0.094,0.093,0.088,0.085,0.102,0.088,0.088,0.078,0.096,0.092,0.094,0.095,0.087,0.093,0.086,0.088,0.093,0.077,0.090,0.092,0.095,0.091,0.089,0.089,0.085,0.089,0.149,0.078,0.099,0.090,0.097,0.099,0.085,0.090,0.088,0.088,0.087,0.079,0.101,0.095,0.085,0.097,0.082,0.084,0.082,0.088,0.089,0.078,0.089,0.084,0.086,0.086,0.087,0.086,0.090,0.086,0.095,0.077
8:29:28,37.0,0.086,0.088,0.096,0.094,0.089,0.086,0.103,0.089,0.089,0.077,0.098,0.093,0.095,0.096,0.087,0.094,0.086,0.089,0.094,0.077,0.091,0.093,0.096,0.092,0.089,0.089,0.085,0.090,0.152,0.078,0.100,0.091,0.097,0.101,0.086,0.090,0.088,0.088,0.088,0.079,0.102,0.096,0.086,0.099,0.082,0.085,0.083,0.089,0.089,0.078,0.090,0.085,0.086,0.087,0.087,0.086,0.091,0.087,0.096,0.077
8:35:28,37.0,0.087,0.088,0.097,0.096,0.089,0.087,0.105,0.090,0.089,0.078,0.099,0.094,0.096,0.098,0.088,0.095,0.087,0.090,0.095,0.077,0.091,0.095,0.097,0.093,0.090,0.091,0.086,0.090,0.157,0.078,0.100,0.092,0.098,0.102,0.086,0.092,0.089,0.090,0.089,0.079,0.104,0.098,0.086,0.100,0.083,0.086,0.083,0.090,0.090,0.078,0.091,0.086,0.087,0.088,0.088,0.087,0.091,0.088,0.097,0.077
8:41:28,37.0,0.087,0.089,0.098,0.097,0.090,0.087,0.107,0.091,0.090,0.078,0.101,0.095,0.097,0.099,0.089,0.096,0.088,0.091,0.096,0.077,0.093,0.096,0.098,0.094,0.090,0.091,0.086,0.091,0.163,0.078,0.102,0.093,0.099,0.104,0.086,0.092,0.089,0.090,0.089,0.079,0.105,0.099,0.087,0.102,0.083,0.086,0.083,0.091,0.091,0.078,0.092,0.086,0.087,0.088,0.089,0.088,0.092,0.089,0.098,0.077
8:47:28,37.1,0.088,0.089,0.099,0.098,0.091,0.088,0.108,0.092,0.091,0.078,0.102,0.096,0.098,0.101,0.089,0.098,0.088,0.092,0.097,0.077,0.094,0.097,0.100,0.096,0.091,0.092,0.087,0.092,0.170,0.078,0.104,0.094,0.101,0.106,0.087,0.094,0.090,0.091,0.090,0.079,0.108,0.101,0.087,0.104,0.083,0.086,0.084,0.092,0.091,0.078,0.093,0.087,0.088,0.089,0.089,0.088,0.093,0.090,0.098,0.077
8:53:28,37.0,0.088,0.090,0.101,0.100,0.092,0.089,0.111,0.093,0.092,0.077,0.104,0.098,0.099,0.102,0.090,0.099,0.089,0.093,0.098,0.077,0.095,0.099,0.101,0.097,0.092,0.094,0.087,0.093,0.175,0.078,0.106,0.096,0.102,0.108,0.087,0.095,0.090,0.092,0.091,0.079,0.111,0.103,0.088,0.106,0.083,0.088,0.084,0.093,0.092,0.078,0.095,0.087,0.089,0.090,0.090,0.089,0.095,0.090,0.099,0.077
8:59:28,37.0,0.089,0.090,0.102,0.101,0.093,0.090,0.113,0.094,0.093,0.077,0.106,0.099,0.101,0.104,0.091,0.100,0.090,0.094,0.100,0.077,0.097,0.101,0.102,0.098,0.093,0.095,0.088,0.094,0.182,0.078,0.108,0.097,0.103,0.111,0.088,0.096,0.091,0.093,0.092,0.079,0.113,0.105,0.088,0.108,0.084,0.088,0.085,0.094,0.092,0.078,0.096,0.088,0.090,0.091,0.091,0.090,0.095,0.091,0.100,0.077
9:05:28,37.1,0.090,0.091,0.104,0.103,0.094,0.091,0.115,0.095,0.094,0.077,0.108,0.101,0.102,0.106,0.092,0.102,0.091,0.095,0.101,0.077,0.098,0.103,0.104,0.100,0.094,0.096,0.089,0.095,0.188,0.078,0.110,0.098,0.105,0.113,0.088,0.097,0.092,0.095,0.093,0.079,0.116,0.107,0.089,0.110,0.084,0.089,0.085,0.096,0.093,0.078,0.097,0.089,0.091,0.092,0.092,0.090,0.097,0.092,0.101,0.077
9:11:28,37.1,0.091,0.092,0.106,0.105,0.096,0.092,0.119,0.096,0.095,0.078,0.111,0.102,0.103,0.108,0.093,0.104,0.092,0.096,0.103,0.077,0.099,0.104,0.105,0.102,0.095,0.097,0.089,0.096,0.196,0.078,0.112,0.100,0.106,0.116,0.089,0.099,0.093,0.096,0.094,0.079,0.118,0.110,0.089,0.113,0.084,0.090,0.086,0.097,0.094,0.078,0.099,0.089,0.092,0.093,0.093,0.091,0.098,0.093,0.102,0.077
9:17:28,37.0,0.092,0.093,0.107,0.107,0.097,0.093,0.122,0.098,0.096,0.078,0.113,0.104,0.105,0.111,0.094,0.106,0.092,0.097,0.105,0.077,0.101,0.106,0.106,0.103,0.096,0.099,0.090,0.097,0.205,0.078,0.115,0.102,0.107,0.119,0.090,0.100,0.094,0.097,0.095,0.079,0.121,0.113,0.090,0.115,0.085,0.091,0.087,0.099,0.095,0.078,0.100,0.090,0.093,0.095,0.094,0.093,0.100,0.094,0.104,0.078
9:23:28,37.1,0.093,0.094,0.110,0.109,0.098,0.094,0.124,0.099,0.097,0.078,0.116,0.106,0.107,0.113,0.095,0.108,0.093,0.099,0.106,0.077,0.103,0.109,0.107,0.105,0.097,0.101,0.091,0.098,0.215,0.078,0.117,0.104,0.108,0.122,0.091,0.102,0.095,0.099,0.096,0.079,0.124,0.115,0.091,0.118,0.085,0.093,0.087,0.100,0.096,0.078,0.102,0.091,0.094,0.096,0.095,0.093,0.101,0.095,0.104,0.077
9:29:28,37.0,0.094,0.095,0.111,0.112,0.100,0.095,0.129,0.101,0.099,0.077,0.119,0.108,0.108,0.117,0.096,0.111,0.094,0.100,0.109,0.077,0.105,0.111,0.109,0.108,0.098,0.102,0.092,0.100,0.223,0.078,0.120,0.105,0.110,0.127,0.091,0.104,0.096,0.100,0.097,0.079,0.129,0.118,0.091,0.121,0.086,0.094,0.087,0.102,0.097,0.078,0.104,0.092,0.095,0.097,0.096,0.095,0.103,0.097,0.106,0.077
9:35:28,37.0,0.095,0.096,0.114,0.114,0.101,0.097,0.132,0.102,0.101,0.077,0.122,0.111,0.111,0.119,0.097,0.113,0.096,0.101,0.111,0.077,0.107,0.113,0.111,0.110,0.099,0.104,0.092,0.101,0.234,0.078,0.123,0.107,0.113,0.130,0.092,0.106,0.097,0.102,0.098,0.079,0.133,0.121,0.092,0.125,0.086,0.095,0.088,0.103,0.098,0.078,0.106,0.093,0.097,0.099,0.098,0.096,0.105,0.097,0.108,0.077
9:41:28,37.0,0.096,0.097,0.117,0.117,0.103,0.098,0.134,0.104,0.101,0.078,0.126,0.113,0.113,0.123,0.098,0.116,0.097,0.103,0.113,0.077,0.109,0.116,0.113,0.113,0.100,0.106,0.093,0.102,0.245,0.078,0.126,0.109,0.115,0.135,0.093,0.107,0.098,0.103,0.100,0.079,0.137,0.124,0.093,0.129,0.086,0.097,0.089,0.105,0.099,0.078,0.108,0.094,0.098,0.100,0.099,0.097,0.107,0.099,0.110,0.077
9:47:28,37.0,0.097,0.098,0.119,0.120,0.105,0.100,0.138,0.106,0.104,0.078,0.129,0.117,0.115,0.127,0.100,0.118,0.098,0.105,0.116,0.077,0.111,0.119,0.114,0.116,0.101,0.108,0.094,0.104,0.255,0.078,0.130,0.112,0.117,0.140,0.094,0.110,0.099,0.105,0.101,0.079,0.141,0.129,0.094,0.133,0.087,0.098,0.089,0.107,0.100,0.078,0.110,0.096,0.100,0.102,0.101,0.099,0.108,0.100,0.112,0.077
9:53:28,37.0,0.099,0.100,0.123,0.123,0.107,0.102,0.145,0.108,0.105,0.077,0.134,0.119,0.118,0.131,0.101,0.121,0.099,0.107,0.118,0.077,0.114,0.123,0.116,0.119,0.102,0.111,0.095,0.106,0.265,0.078,0.135,0.115,0.118,0.145,0.094,0.112,0.101,0.107,0.103,0.079,0.146,0.132,0.095,0.137,0.087,0.100,0.090,0.109,0.101,0.078,0.113,0.097,0.102,0.104,0.103,0.100,0.111,0.102,0.114,0.077
9:59:28,37.1,0.100,0.101,0.126,0.127,0.109,0.103,0.149,0.110,0.107,0.078,0.138,0.122,0.121,0.135,0.102,0.124,0.101,0.109,0.121,0.077,0.116,0.127,0.120,0.123,0.104,0.114,0.097,0.107,0.278,0.078,0.139,0.118,0.120,0.150,0.095,0.115,0.102,0.110,0.105,0.080,0.151,0.137,0.095,0.142,0.088,0.102,0.092,0.112,0.102,0.078,0.115,0.099,0.104,0.106,0.105,0.102,0.114,0.104,0.117,0.077
10:05:28,37.1,0.102,0.102,0.130,0.130,0.112,0.105,0.155,0.113,0.108,0.078,0.143,0.126,0.124,0.140,0.104,0.126,0.102,0.112,0.124,0.077,0.119,0.131,0.122,0.126,0.105,0.116,0.098,0.110,0.292,0.078,0.144,0.121,0.122,0.154,0.096,0.117,0.104,0.112,0.107,0.079,0.157,0.141,0.096,0.146,0.088,0.103,0.092,0.114,0.104,0.078,0.118,0.100,0.106,0.108,0.107,0.104,0.116,0.106,0.119,0.077
10:11:28,37.0,0.104,0.104,0.136,0.135,0.115,0.107,0.160,0.116,0.111,0.078,0.148,0.130,0.126,0.144,0.106,0.131,0.104,0.114,0.126,0.077,0.122,0.134,0.125,0.130,0.107,0.119,0.099,0.112,0.306,0.078,0.150,0.124,0.125,0.161,0.097,0.121,0.106,0.114,0.109,0.080,0.162,0.147,0.098,0.151,0.089,0.105,0.093,0.117,0.105,0.078,0.121,0.102,0.109,0.111,0.109,0.106,0.119,0.108,0.122,0.077
10:17:28,37.1,0.106,0.105,0.142,0.141,0.118,0.110,0.168,0.118,0.113,0.078,0.154,0.135,0.128,0.150,0.108,0.136,0.106,0.117,0.130,0.077,0.126,0.139,0.128,0.135,0.108,0.122,0.101,0.114,0.321,0.078,0.156,0.128,0.128,0.168,0.098,0.125,0.108,0.118,0.112,0.079,0.170,0.151,0.098,0.157,0.089,0.108,0.095,0.119,0.107,0.079,0.124,0.104,0.111,0.113,0.112,0.108,0.122,0.111,0.124,0.077
10:23:28,37.1,0.108,0.108,0.148,0.147,0.120,0.112,0.174,0.121,0.116,0.078,0.160,0.139,0.133,0.155,0.110,0.140,0.109,0.121,0.133,0.077,0.130,0.144,0.131,0.140,0.109,0.125,0.102,0.117,0.335,0.078,0.161,0.132,0.132,0.177,0.099,0.128,0.110,0.120,0.114,0.079,0.177,0.157,0.099,0.164,0.090,0.110,0.096,0.123,0.109,0.078,0.128,0.106,0.114,0.116,0.114,0.111,0.125,0.114,0.128,0.077
10:29:28,37.0,0.110,0.111,0.153,0.153,0.124,0.115,0.180,0.125,0.118,0.078,0.167,0.144,0.136,0.162,0.112,0.144,0.110,0.124,0.136,0.077,0.135,0.150,0.134,0.144,0.111,0.129,0.104,0.119,0.351,0.078,0.167,0.137,0.134,0.184,0.100,0.132,0.112,0.124,0.117,0.080,0.184,0.163,0.100,0.170,0.091,0.113,0.097,0.127,0.111,0.078,0.131,0.108,0.117,0.119,0.118,0.113,0.129,0.116,0.131,0.077
10:35:28,37.0,0.113,0.113,0.159,0.156,0.127,0.118,0.188,0.129,0.121,0.078,0.175,0.149,0.140,0.168,0.114,0.149,0.112,0.127,0.140,0.077,0.139,0.156,0.138,0.150,0.114,0.133,0.105,0.123,0.367,0.078,0.174,0.141,0.138,0.192,0.102,0.136,0.115,0.128,0.120,0.080,0.191,0.169,0.101,0.178,0.091,0.116,0.098,0.134,0.113,0.078,0.136,0.111,0.119,0.123,0.121,0.116,0.133,0.119,0.134,0.077
10:41:28,37.0,0.115,0.116,0.164,0.163,0.132,0.121,0.196,0.133,0.126,0.078,0.183,0.155,0.143,0.176,0.117,0.154,0.115,0.131,0.146,0.077,0.145,0.162,0.141,0.155,0.116,0.137,0.107,0.126,0.383,0.078,0.180,0.146,0.141,0.199,0.103,0.140,0.117,0.132,0.122,0.080,0.200,0.177,0.103,0.186,0.092,0.119,0.099,0.134,0.115,0.078,0.140,0.113,0.123,0.126,0.124,0.118,0.137,0.123,0.137,0.077
10:47:28,37.0,0.118,0.119,0.171,0.170,0.136,0.124,0.204,0.138,0.128,0.078,0.191,0.161,0.148,0.183,0.118,0.160,0.118,0.135,0.149,0.077,0.149,0.169,0.145,0.161,0.119,0.143,0.109,0.130,0.401,0.078,0.188,0.152,0.144,0.209,0.104,0.144,0.120,0.136,0.126,0.079,0.209,0.184,0.103,0.194,0.093,0.122,0.101,0.138,0.118,0.078,0.146,0.116,0.127,0.130,0.127,0.122,0.142,0.126,0.141,0.077
10:53:28,37.0,0.120,0.120,0.175,0.178,0.139,0.129,0.214,0.142,0.133,0.078,0.199,0.168,0.154,0.190,0.121,0.167,0.121,0.141,0.155,0.077,0.154,0.175,0.149,0.169,0.121,0.148,0.112,0.134,0.418,0.078,0.197,0.157,0.148,0.220,0.105,0.151,0.123,0.142,0.129,0.079,0.218,0.192,0.105,0.204,0.094,0.126,0.103,0.143,0.120,0.078,0.151,0.119,0.130,0.134,0.131,0.125,0.147,0.129,0.146,0.077
10:59:28,37.0,0.123,0.126,0.186,0.183,0.146,0.132,0.223,0.147,0.138,0.078,0.208,0.175,0.159,0.199,0.124,0.173,0.124,0.144,0.161,0.077,0.161,0.183,0.154,0.176,0.124,0.154,0.115,0.138,0.436,0.078,0.206,0.164,0.152,0.230,0.107,0.156,0.125,0.146,0.133,0.079,0.229,0.202,0.107,0.213,0.095,0.130,0.104,0.148,0.122,0.078,0.157,0.122,0.134,0.139,0.135,0.129,0.153,0.133,0.151,0.077
11:05:28,37.0,0.127,0.129,0.192,0.192,0.150,0.137,0.234,0.151,0.142,0.078,0.218,0.182,0.165,0.208,0.128,0.180,0.128,0.149,0.167,0.077,0.167,0.191,0.159,0.184,0.127,0.160,0.117,0.142,0.454,0.078,0.215,0.172,0.157,0.241,0.108,0.161,0.128,0.151,0.137,0.079,0.240,0.212,0.108,0.224,0.095,0.133,0.106,0.153,0.126,0.078,0.164,0.125,0.139,0.145,0.140,0.133,0.159,0.137,0.158,0.077
11:11:28,36.9,0.134,0.133,0.201,0.200,0.156,0.143,0.246,0.157,0.149,0.078,0.230,0.190,0.170,0.219,0.132,0.187,0.131,0.154,0.173,0.077,0.175,0.200,0.165,0.192,0.130,0.166,0.120,0.148,0.473,0.079,0.225,0.179,0.163,0.253,0.110,0.168,0.132,0.158,0.140,0.079,0.252,0.222,0.110,0.235,0.096,0.137,0.109,0.161,0.130,0.078,0.172,0.129,0.145,0.151,0.144,0.138,0.165,0.142,0.163,0.077
11:17:28,36.9,0.140,0.137,0.210,0.212,0.161,0.147,0.257,0.163,0.153,0.078,0.241,0.198,0.177,0.229,0.135,0.196,0.134,0.160,0.180,0.077,0.184,0.209,0.170,0.201,0.132,0.173,0.122,0.154,0.490,0.079,0.235,0.185,0.167,0.264,0.112,0.175,0.136,0.162,0.146,0.080,0.265,0.233,0.113,0.247,0.097,0.142,0.112,0.168,0.134,0.078,0.180,0.134,0.151,0.157,0.150,0.142,0.172,0.147,0.169,0.077
11:23:28,36.9,0.144,0.141,0.222,0.220,0.171,0.152,0.271,0.171,0.160,0.078,0.253,0.206,0.184,0.240,0.139,0.204,0.139,0.168,0.187,0.077,0.191,0.219,0.177,0.210,0.137,0.181,0.126,0.159,0.506,0.079,0.247,0.193,0.174,0.277,0.115,0.183,0.141,0.170,0.151,0.080,0.278,0.245,0.115,0.260,0.098,0.148,0.114,0.183,0.138,0.078,0.188,0.139,0.158,0.163,0.156,0.148,0.179,0.153,0.175,0.078
11:29:28,37.0,0.149,0.146,0.229,0.230,0.179,0.158,0.283,0.178,0.165,0.078,0.266,0.216,0.192,0.252,0.144,0.213,0.143,0.173,0.195,0.077,0.199,0.229,0.184,0.220,0.141,0.190,0.130,0.166,0.522,0.079,0.259,0.202,0.179,0.291,0.116,0.190,0.145,0.176,0.156,0.080,0.293,0.258,0.117,0.272,0.099,0.154,0.116,0.180,0.143,0.078,0.197,0.145,0.165,0.170,0.163,0.153,0.186,0.160,0.182,0.077
11:35:28,37.0,0.153,0.152,0.238,0.240,0.183,0.164,0.297,0.185,0.170,0.077,0.276,0.226,0.200,0.263,0.148,0.224,0.148,0.180,0.203,0.077,0.208,0.239,0.191,0.231,0.145,0.199,0.134,0.172,0.537,0.078,0.272,0.211,0.185,0.305,0.117,0.199,0.150,0.183,0.162,0.079,0.307,0.270,0.119,0.285,0.100,0.160,0.120,0.188,0.147,0.078,0.206,0.149,0.172,0.177,0.170,0.160,0.196,0.166,0.189,0.077
11:41:28,37.1,0.157,0.160,0.251,0.252,0.192,0.172,0.310,0.193,0.178,0.077,0.290,0.237,0.209,0.277,0.153,0.235,0.153,0.187,0.212,0.077,0.217,0.251,0.199,0.242,0.149,0.206,0.138,0.180,0.553,0.079,0.286,0.221,0.193,0.320,0.119,0.208,0.155,0.191,0.168,0.080,0.324,0.284,0.121,0.299,0.101,0.166,0.122,0.197,0.150,0.078,0.215,0.156,0.179,0.186,0.177,0.168,0.204,0.172,0.199,0.077
11:47:28,37.1,0.158,0.163,0.264,0.266,0.200,0.179,0.326,0.202,0.186,0.078,0.303,0.248,0.219,0.289,0.158,0.248,0.159,0.195,0.222,0.077,0.228,0.263,0.207,0.253,0.154,0.217,0.143,0.189,0.568,0.079,0.299,0.231,0.202,0.335,0.122,0.217,0.161,0.200,0.175,0.079,0.338,0.299,0.123,0.315,0.102,0.174,0.124,0.205,0.156,0.078,0.225,0.163,0.186,0.194,0.186,0.175,0.214,0.181,0.207,0.078
11:53:28,37.1,0.169,0.169,0.275,0.277,0.210,0.186,0.341,0.209,0.192,0.078,0.319,0.260,0.229,0.304,0.164,0.260,0.165,0.204,0.233,0.077,0.239,0.276,0.217,0.266,0.159,0.226,0.148,0.196,0.581,0.078,0.313,0.243,0.209,0.351,0.125,0.228,0.168,0.209,0.182,0.079,0.355,0.314,0.126,0.330,0.103,0.180,0.127,0.215,0.161,0.078,0.236,0.170,0.196,0.205,0.193,0.181,0.223,0.186,0.216,0.077
11:59:28,37.0,0.178,0.180,0.287,0.290,0.221,0.194,0.357,0.220,0.200,0.078,0.330,0.272,0.240,0.319,0.170,0.273,0.171,0.213,0.243,0.077,0.250,0.290,0.227,0.278,0.165,0.238,0.154,0.204,0.594,0.079,0.328,0.255,0.219,0.366,0.127,0.239,0.174,0.218,0.191,0.080,0.373,0.330,0.129,0.346,0.105,0.188,0.132,0.225,0.167,0.078,0.248,0.176,0.205,0.216,0.202,0.189,0.234,0.195,0.226,0.078
12:05:28,37.0,0.184,0.184,0.300,0.304,0.231,0.203,0.376,0.230,0.211,0.078,0.345,0.286,0.253,0.333,0.177,0.286,0.178,0.222,0.255,0.077,0.262,0.304,0.238,0.290,0.171,0.249,0.160,0.213,0.607,0.079,0.343,0.267,0.229,0.383,0.130,0.250,0.181,0.228,0.198,0.080,0.392,0.346,0.132,0.362,0.106,0.196,0.135,0.236,0.173,0.078,0.260,0.185,0.215,0.225,0.211,0.197,0.245,0.205,0.236,0.078
12:11:28,37.0,0.189,0.193,0.320,0.319,0.242,0.213,0.392,0.240,0.219,0.077,0.360,0.301,0.265,0.349,0.184,0.299,0.186,0.233,0.268,0.077,0.274,0.319,0.249,0.304,0.177,0.261,0.167,0.223,0.622,0.079,0.359,0.280,0.240,0.400,0.134,0.263,0.190,0.239,0.207,0.080,0.409,0.363,0.135,0.378,0.109,0.205,0.139,0.247,0.180,0.079,0.272,0.194,0.225,0.234,0.221,0.207,0.256,0.215,0.247,0.078
12:17:28,37.0,0.200,0.201,0.337,0.334,0.255,0.223,0.410,0.251,0.229,0.078,0.375,0.315,0.279,0.367,0.191,0.314,0.194,0.244,0.281,0.077,0.288,0.334,0.261,0.318,0.184,0.273,0.172,0.234,0.634,0.079,0.376,0.294,0.251,0.418,0.138,0.276,0.199,0.250,0.216,0.080,0.423,0.382,0.139,0.395,0.111,0.214,0.143,0.260,0.188,0.079,0.285,0.203,0.235,0.246,0.231,0.217,0.267,0.224,0.258,0.077
12:23:28,37.0,0.211,0.210,0.353,0.349,0.265,0.233,0.424,0.264,0.239,0.078,0.392,0.330,0.292,0.382,0.201,0.328,0.204,0.256,0.294,0.077,0.302,0.350,0.274,0.333,0.191,0.285,0.180,0.244,0.647,0.079,0.392,0.308,0.262,0.440,0.142,0.290,0.207,0.262,0.226,0.080,0.440,0.399,0.142,0.411,0.113,0.224,0.148,0.273,0.196,0.078,0.300,0.212,0.246,0.258,0.242,0.228,0.280,0.235,0.269,0.077
12:29:28,37.0,0.216,0.218,0.371,0.369,0.277,0.243,0.444,0.277,0.249,0.078,0.409,0.346,0.306,0.398,0.210,0.343,0.213,0.269,0.309,0.077,0.317,0.366,0.287,0.349,0.199,0.299,0.188,0.255,0.659,0.079,0.411,0.323,0.275,0.455,0.146,0.304,0.216,0.275,0.237,0.080,0.463,0.415,0.147,0.428,0.115,0.235,0.152,0.286,0.204,0.078,0.315,0.221,0.259,0.270,0.254,0.238,0.294,0.248,0.283,0.078
12:35:28,37.0,0.224,0.229,0.380,0.386,0.290,0.255,0.458,0.290,0.261,0.078,0.425,0.362,0.323,0.416,0.219,0.359,0.224,0.281,0.324,0.077,0.332,0.383,0.301,0.365,0.208,0.313,0.196,0.267,0.671,0.079,0.429,0.338,0.288,0.474,0.150,0.318,0.227,0.288,0.249,0.080,0.476,0.428,0.151,0.446,0.117,0.248,0.158,0.301,0.213,0.078,0.329,0.232,0.270,0.282,0.266,0.249,0.308,0.259,0.296,0.077
12:41:28,37.0,0.232,0.240,0.403,0.404,0.306,0.268,0.484,0.304,0.273,0.078,0.444,0.378,0.336,0.433,0.230,0.376,0.235,0.295,0.338,0.077,0.348,0.399,0.314,0.381,0.218,0.327,0.204,0.279,0.683,0.079,0.447,0.354,0.301,0.495,0.155,0.333,0.238,0.302,0.261,0.080,0.492,0.445,0.156,0.464,0.119,0.261,0.164,0.315,0.223,0.078,0.347,0.243,0.283,0.294,0.278,0.261,0.323,0.270,0.311,0.078
12:47:28,37.0,0.244,0.249,0.419,0.417,0.320,0.281,0.493,0.318,0.286,0.078,0.462,0.396,0.352,0.451,0.241,0.404,0.247,0.309,0.352,0.077,0.364,0.416,0.329,0.399,0.229,0.343,0.213,0.293,0.693,0.079,0.463,0.370,0.314,0.504,0.161,0.348,0.249,0.317,0.274,0.080,0.508,0.459,0.161,0.481,0.122,0.273,0.171,0.330,0.233,0.078,0.363,0.254,0.296,0.308,0.290,0.272,0.338,0.281,0.325,0.077
12:53:28,37.1,0.259,0.270,0.436,0.436,0.335,0.294,0.506,0.332,0.300,0.078,0.481,0.412,0.368,0.468,0.254,0.421,0.260,0.323,0.369,0.077,0.380,0.434,0.344,0.416,0.239,0.359,0.223,0.306,0.705,0.078,0.479,0.387,0.329,0.521,0.166,0.365,0.263,0.332,0.287,0.080,0.524,0.475,0.167,0.496,0.124,0.287,0.177,0.346,0.244,0.078,0.382,0.266,0.310,0.322,0.304,0.284,0.354,0.295,0.340,0.078
12:59:28,37.1,0.268,0.276,0.457,0.464,0.353,0.308,0.521,0.348,0.315,0.078,0.493,0.430,0.384,0.486,0.266,0.435,0.272,0.338,0.386,0.077,0.399,0.452,0.360,0.433,0.251,0.375,0.233,0.321,0.716,0.079,0.497,0.405,0.344,0.548,0.173,0.381,0.276,0.347,0.302,0.080,0.538,0.490,0.173,0.509,0.127,0.301,0.186,0.362,0.257,0.078,0.399,0.279,0.325,0.338,0.318,0.298,0.369,0.309,0.355,0.078
13:05:28,37.1,0.284,0.289,0.467,0.480,0.368,0.324,0.539,0.364,0.329,0.078,0.511,0.446,0.404,0.499,0.279,0.449,0.285,0.353,0.401,0.077,0.417,0.468,0.376,0.450,0.263,0.392,0.246,0.336,0.726,0.079,0.507,0.422,0.359,0.564,0.180,0.398,0.289,0.363,0.315,0.080,0.554,0.504,0.179,0.525,0.130,0.316,0.194,0.378,0.270,0.078,0.421,0.293,0.341,0.353,0.333,0.312,0.386,0.323,0.371,0.077
13:11:28,37.1,0.293,0.302,0.487,0.488,0.383,0.340,0.561,0.380,0.344,0.078,0.526,0.468,0.420,0.515,0.293,0.469,0.299,0.369,0.423,0.077,0.437,0.488,0.391,0.467,0.276,0.408,0.257,0.351,0.735,0.079,0.523,0.445,0.374,0.583,0.186,0.416,0.304,0.379,0.331,0.080,0.570,0.516,0.186,0.537,0.132,0.331,0.203,0.398,0.283,0.078,0.439,0.306,0.357,0.369,0.349,0.327,0.404,0.338,0.387,0.078
13:17:28,37.1,0.310,0.316,0.501,0.505,0.400,0.356,0.579,0.397,0.360,0.078,0.547,0.484,0.439,0.530,0.307,0.472,0.313,0.385,0.435,0.077,0.453,0.501,0.416,0.486,0.289,0.425,0.271,0.367,0.745,0.079,0.546,0.463,0.396,0.600,0.193,0.432,0.318,0.396,0.346,0.080,0.586,0.532,0.195,0.556,0.136,0.346,0.213,0.413,0.297,0.078,0.453,0.321,0.374,0.386,0.365,0.342,0.420,0.353,0.404,0.078
13:23:28,37.0,0.322,0.332,0.514,0.517,0.418,0.374,0.594,0.413,0.375,0.078,0.555,0.499,0.453,0.543,0.321,0.497,0.328,0.402,0.459,0.077,0.469,0.518,0.424,0.500,0.302,0.443,0.284,0.384,0.754,0.079,0.562,0.477,0.406,0.599,0.201,0.450,0.334,0.413,0.362,0.080,0.598,0.551,0.203,0.570,0.140,0.363,0.225,0.430,0.312,0.078,0.468,0.337,0.391,0.403,0.382,0.357,0.437,0.369,0.421,0.077
13:29:28,36.9,0.339,0.351,0.538,0.530,0.434,0.389,0.604,0.430,0.392,0.078,0.569,0.513,0.475,0.566,0.337,0.504,0.343,0.419,0.471,0.077,0.483,0.545,0.438,0.516,0.316,0.459,0.298,0.400,0.763,0.078,0.571,0.493,0.432,0.620,0.210,0.466,0.349,0.430,0.378,0.080,0.612,0.566,0.212,0.585,0.144,0.379,0.236,0.448,0.326,0.078,0.486,0.353,0.407,0.420,0.399,0.374,0.457,0.386,0.438,0.077
13:35:28,37.0,0.348,0.366,0.556,0.548,0.453,0.414,0.605,0.448,0.408,0.078,0.582,0.526,0.481,0.588,0.351,0.525,0.361,0.436,0.485,0.077,0.497,0.562,0.454,0.534,0.331,0.478,0.312,0.418,0.773,0.079,0.576,0.507,0.449,0.626,0.220,0.483,0.365,0.448,0.395,0.080,0.625,0.578,0.222,0.601,0.148,0.396,0.248,0.468,0.342,0.078,0.501,0.370,0.425,0.438,0.416,0.390,0.477,0.403,0.458,0.077
13:41:28,37.0,0.364,0.381,0.570,0.558,0.469,0.430,0.617,0.472,0.424,0.078,0.597,0.540,0.510,0.592,0.367,0.540,0.377,0.453,0.503,0.077,0.513,0.557,0.467,0.544,0.345,0.499,0.327,0.434,0.782,0.079,0.589,0.521,0.451,0.634,0.230,0.498,0.382,0.464,0.411,0.079,0.638,0.592,0.232,0.613,0.152,0.413,0.261,0.483,0.358,0.078,0.515,0.386,0.444,0.458,0.432,0.407,0.490,0.420,0.472,0.077
13:47:28,37.0,0.389,0.400,0.589,0.578,0.483,0.443,0.629,0.479,0.440,0.078,0.609,0.554,0.518,0.606,0.387,0.556,0.394,0.471,0.530,0.077,0.530,0.571,0.481,0.562,0.361,0.509,0.342,0.451,0.790,0.079,0.601,0.541,0.467,0.642,0.241,0.513,0.399,0.480,0.429,0.079,0.650,0.604,0.243,0.625,0.157,0.431,0.274,0.500,0.374,0.078,0.536,0.403,0.464,0.474,0.450,0.424,0.506,0.437,0.495,0.078
13:53:28,37.0,0.409,0.414,0.602,0.588,0.499,0.456,0.643,0.494,0.456,0.078,0.620,0.568,0.532,0.612,0.404,0.566,0.413,0.496,0.539,0.077,0.556,0.585,0.503,0.571,0.377,0.523,0.358,0.469,0.797,0.079,0.612,0.553,0.493,0.653,0.252,0.527,0.416,0.495,0.446,0.080,0.662,0.618,0.254,0.638,0.163,0.452,0.288,0.514,0.391,0.078,0.553,0.422,0.480,0.489,0.468,0.441,0.517,0.454,0.505,0.078
13:59:28,37.0,0.415,0.434,0.617,0.609,0.523,0.476,0.652,0.509,0.472,0.078,0.632,0.583,0.545,0.625,0.421,0.579,0.437,0.520,0.547,0.077,0.569,0.598,0.524,0.586,0.393,0.536,0.375,0.486,0.805,0.078,0.624,0.578,0.507,0.665,0.264,0.540,0.433,0.511,0.464,0.080,0.674,0.631,0.266,0.651,0.169,0.466,0.302,0.537,0.408,0.078,0.570,0.441,0.496,0.504,0.485,0.460,0.531,0.471,0.519,0.078
14:05:28,37.1,0.436,0.454,0.618,0.625,0.534,0.488,0.663,0.529,0.488,0.078,0.642,0.595,0.571,0.637,0.446,0.592,0.453,0.515,0.557,0.077,0.583,0.611,0.525,0.598,0.410,0.551,0.391,0.504,0.814,0.079,0.635,0.594,0.525,0.676,0.276,0.566,0.451,0.525,0.481,0.080,0.687,0.643,0.278,0.661,0.175,0.482,0.317,0.552,0.426,0.078,0.583,0.469,0.510,0.518,0.500,0.476,0.545,0.488,0.537,0.078
14:11:28,37.0,0.458,0.487,0.627,0.635,0.551,0.503,0.674,0.542,0.505,0.078,0.652,0.608,0.587,0.648,0.453,0.603,0.458,0.530,0.571,0.077,0.596,0.624,0.541,0.611,0.425,0.565,0.408,0.517,0.822,0.079,0.647,0.607,0.540,0.687,0.290,0.584,0.468,0.540,0.496,0.080,0.698,0.654,0.292,0.674,0.183,0.506,0.332,0.557,0.444,0.078,0.592,0.475,0.533,0.547,0.514,0.493,0.558,0.503,0.548,0.078
14:17:28,37.0,0.479,0.484,0.637,0.642,0.572,0.519,0.684,0.563,0.520,0.077,0.663,0.621,0.581,0.659,0.473,0.616,0.470,0.547,0.586,0.077,0.614,0.635,0.553,0.624,0.441,0.583,0.425,0.529,0.830,0.079,0.658,0.612,0.554,0.697,0.303,0.595,0.483,0.554,0.511,0.080,0.710,0.665,0.305,0.686,0.190,0.515,0.347,0.587,0.468,0.078,0.598,0.491,0.546,0.559,0.529,0.518,0.575,0.517,0.578,0.078
14:23:28,37.0,0.501,0.500,0.648,0.650,0.585,0.545,0.695,0.583,0.534,0.077,0.672,0.634,0.592,0.672,0.482,0.628,0.486,0.567,0.599,0.077,0.615,0.647,0.568,0.636,0.456,0.595,0.443,0.544,0.837,0.079,0.669,0.623,0.570,0.708,0.317,0.605,0.499,0.568,0.525,0.080,0.721,0.678,0.319,0.696,0.199,0.541,0.363,0.599,0.477,0.078,0.611,0.513,0.566,0.579,0.552,0.521,0.597,0.530,0.595,0.077
14:29:28,37.0,0.515,0.521,0.658,0.655,0.587,0.565,0.704,0.596,0.549,0.077,0.681,0.645,0.604,0.682,0.496,0.641,0.500,0.578,0.611,0.077,0.624,0.658,0.586,0.647,0.469,0.607,0.468,0.559,0.842,0.078,0.678,0.629,0.584,0.724,0.331,0.612,0.514,0.581,0.541,0.080,0.730,0.688,0.332,0.700,0.207,0.543,0.380,0.610,0.503,0.079,0.623,0.526,0.581,0.593,0.573,0.551,0.606,0.543,0.609,0.078
14:35:28,37.0,0.520,0.531,0.668,0.664,0.617,0.581,0.715,0.611,0.563,0.078,0.690,0.656,0.617,0.692,0.510,0.655,0.522,0.598,0.624,0.077,0.635,0.673,0.595,0.659,0.482,0.620,0.484,0.590,0.847,0.079,0.690,0.641,0.597,0.727,0.345,0.624,0.528,0.595,0.569,0.080,0.741,0.693,0.345,0.711,0.217,0.573,0.397,0.628,0.504,0.078,0.635,0.537,0.597,0.604,0.589,0.560,0.614,0.557,0.619,0.077
14:41:28,37.1,0.546,0.549,0.675,0.677,0.618,0.587,0.725,0.621,0.579,0.078,0.700,0.668,0.629,0.702,0.526,0.666,0.528,0.602,0.635,0.077,0.647,0.679,0.607,0.686,0.495,0.632,0.498,0.603,0.853,0.079,0.699,0.653,0.609,0.737,0.362,0.639,0.556,0.608,0.587,0.080,0.752,0.704,0.367,0.721,0.227,0.585,0.415,0.644,0.519,0.078,0.646,0.562,0.609,0.609,0.603,0.582,0.625,0.583,0.625,0.077
14:47:28,37.1,0.555,0.559,0.691,0.688,0.627,0.607,0.732,0.628,0.587,0.077,0.710,0.678,0.643,0.713,0.540,0.678,0.547,0.615,0.647,0.077,0.658,0.690,0.614,0.680,0.509,0.645,0.503,0.617,0.861,0.079,0.709,0.664,0.621,0.746,0.378,0.647,0.573,0.621,0.600,0.080,0.762,0.713,0.380,0.730,0.238,0.600,0.432,0.649,0.536,0.078,0.657,0.578,0.625,0.631,0.609,0.597,0.643,0.594,0.628,0.078
14:53:28,37.1,0.581,0.588,0.696,0.706,0.640,0.606,0.740,0.631,0.601,0.078,0.720,0.688,0.653,0.724,0.560,0.691,0.561,0.627,0.658,0.077,0.669,0.701,0.625,0.691,0.523,0.657,0.518,0.628,0.868,0.079,0.719,0.676,0.633,0.757,0.394,0.658,0.587,0.633,0.609,0.080,0.771,0.725,0.393,0.738,0.248,0.614,0.449,0.657,0.556,0.079,0.668,0.593,0.636,0.644,0.626,0.604,0.655,0.603,0.649,0.077
14:59:28,37.1,0.597,0.588,0.706,0.708,0.654,0.615,0.749,0.641,0.613,0.077,0.730,0.699,0.661,0.734,0.583,0.697,0.571,0.640,0.672,0.077,0.679,0.711,0.637,0.701,0.553,0.668,0.532,0.627,0.878,0.079,0.729,0.686,0.647,0.767,0.411,0.670,0.596,0.646,0.610,0.080,0.778,0.732,0.406,0.746,0.260,0.629,0.465,0.672,0.578,0.078,0.679,0.608,0.647,0.648,0.642,0.611,0.663,0.612,0.653,0.078
15:05:28,37.1,0.614,0.598,0.717,0.715,0.662,0.628,0.759,0.652,0.625,0.077,0.736,0.709,0.673,0.742,0.584,0.707,0.585,0.651,0.682,0.077,0.690,0.718,0.647,0.712,0.561,0.680,0.548,0.639,0.886,0.079,0.738,0.697,0.656,0.774,0.426,0.681,0.610,0.656,0.620,0.080,0.786,0.740,0.421,0.757,0.272,0.642,0.481,0.679,0.588,0.078,0.689,0.617,0.657,0.658,0.646,0.638,0.670,0.623,0.662,0.077
15:11:28,37.0,0.625,0.610,0.729,0.724,0.667,0.641,0.769,0.664,0.637,0.077,0.745,0.719,0.685,0.750,0.594,0.717,0.598,0.664,0.690,0.077,0.700,0.727,0.672,0.722,0.580,0.691,0.563,0.651,0.890,0.079,0.747,0.707,0.665,0.780,0.442,0.696,0.620,0.667,0.632,0.080,0.797,0.755,0.435,0.771,0.285,0.650,0.495,0.689,0.607,0.078,0.697,0.627,0.662,0.667,0.649,0.641,0.681,0.639,0.674,0.077
15:17:28,37.0,0.628,0.624,0.736,0.734,0.679,0.654,0.778,0.675,0.646,0.077,0.755,0.728,0.695,0.759,0.603,0.726,0.609,0.675,0.700,0.077,0.709,0.736,0.671,0.730,0.597,0.700,0.575,0.663,0.894,0.079,0.756,0.716,0.669,0.788,0.455,0.713,0.624,0.678,0.644,0.079,0.805,0.763,0.449,0.781,0.298,0.666,0.510,0.700,0.617,0.078,0.708,0.636,0.669,0.673,0.659,0.645,0.701,0.651,0.685,0.077
15:23:28,37.0,0.628,0.634,0.742,0.743,0.690,0.664,0.786,0.685,0.658,0.077,0.761,0.735,0.702,0.768,0.615,0.737,0.623,0.686,0.710,0.077,0.720,0.746,0.681,0.739,0.611,0.714,0.589,0.674,0.898,0.079,0.762,0.725,0.673,0.795,0.469,0.717,0.641,0.687,0.656,0.080,0.813,0.769,0.461,0.788,0.312,0.666,0.524,0.710,0.624,0.078,0.721,0.645,0.676,0.680,0.669,0.653,0.704,0.657,0.695,0.078
15:29:28,37.0,0.634,0.645,0.750,0.749,0.703,0.677,0.792,0.695,0.668,0.077,0.770,0.743,0.711,0.778,0.627,0.747,0.634,0.698,0.719,0.077,0.730,0.756,0.688,0.747,0.622,0.720,0.605,0.686,0.903,0.079,0.768,0.738,0.678,0.804,0.492,0.723,0.648,0.698,0.667,0.080,0.819,0.775,0.475,0.793,0.325,0.675,0.537,0.721,0.633,0.078,0.732,0.663,0.695,0.692,0.678,0.666,0.713,0.667,0.705,0.077
15:35:28,37.1,0.643,0.652,0.760,0.756,0.708,0.682,0.795,0.704,0.678,0.078,0.783,0.751,0.720,0.789,0.639,0.755,0.644,0.713,0.727,0.077,0.739,0.765,0.697,0.756,0.626,0.731,0.616,0.697,0.910,0.079,0.775,0.744,0.688,0.813,0.513,0.732,0.659,0.708,0.678,0.080,0.826,0.784,0.487,0.798,0.341,0.684,0.551,0.732,0.656,0.078,0.738,0.668,0.695,0.701,0.689,0.673,0.721,0.679,0.715,0.078
15:41:28,37.1,0.649,0.660,0.770,0.764,0.717,0.691,0.804,0.715,0.687,0.077,0.789,0.760,0.732,0.798,0.651,0.764,0.659,0.716,0.736,0.077,0.746,0.772,0.706,0.766,0.638,0.739,0.630,0.707,0.916,0.079,0.783,0.751,0.699,0.822,0.518,0.741,0.669,0.718,0.694,0.080,0.833,0.791,0.500,0.806,0.362,0.694,0.567,0.742,0.663,0.078,0.745,0.672,0.710,0.709,0.699,0.683,0.728,0.690,0.725,0.078
15:47:28,37.0,0.657,0.671,0.779,0.773,0.726,0.700,0.812,0.723,0.698,0.078,0.794,0.770,0.741,0.803,0.659,0.772,0.670,0.726,0.745,0.077,0.755,0.778,0.714,0.774,0.643,0.747,0.640,0.717,0.922,0.079,0.791,0.759,0.714,0.830,0.540,0.749,0.680,0.725,0.699,0.080,0.841,0.798,0.514,0.814,0.375,0.706,0.582,0.751,0.672,0.078,0.754,0.685,0.722,0.719,0.709,0.694,0.738,0.707,0.735,0.078
15:53:28,37.0,0.664,0.682,0.785,0.782,0.736,0.710,0.820,0.732,0.706,0.078,0.799,0.780,0.750,0.811,0.670,0.781,0.679,0.736,0.756,0.077,0.763,0.786,0.725,0.780,0.651,0.754,0.652,0.727,0.928,0.079,0.799,0.770,0.715,0.837,0.554,0.757,0.691,0.734,0.708,0.080,0.848,0.808,0.527,0.822,0.387,0.717,0.602,0.765,0.680,0.078,0.760,0.692,0.726,0.727,0.716,0.703,0.746,0.710,0.743,0.078
15:59:28,37.0,0.667,0.696,0.791,0.791,0.747,0.722,0.829,0.740,0.718,0.078,0.805,0.788,0.757,0.819,0.681,0.789,0.694,0.746,0.764,0.077,0.773,0.795,0.732,0.787,0.660,0.763,0.664,0.735,0.931,0.079,0.809,0.778,0.728,0.842,0.570,0.768,0.703,0.744,0.717,0.080,0.858,0.814,0.540,0.830,0.399,0.725,0.617,0.767,0.693,0.079,0.768,0.711,0.733,0.737,0.727,0.711,0.756,0.716,0.752,0.078
16:05:28,37.1,0.675,0.706,0.798,0.799,0.757,0.730,0.837,0.748,0.726,0.078,0.811,0.794,0.764,0.825,0.692,0.794,0.699,0.757,0.770,0.077,0.782,0.804,0.739,0.794,0.669,0.772,0.674,0.743,0.934,0.079,0.815,0.788,0.733,0.849,0.579,0.778,0.713,0.752,0.727,0.080,0.865,0.817,0.551,0.837,0.411,0.734,0.629,0.775,0.704,0.078,0.777,0.713,0.741,0.747,0.737,0.719,0.765,0.727,0.759,0.078
16:11:28,37.1,0.684,0.708,0.805,0.804,0.766,0.737,0.843,0.756,0.731,0.078,0.818,0.800,0.772,0.833,0.703,0.801,0.709,0.763,0.777,0.077,0.791,0.814,0.746,0.803,0.680,0.782,0.685,0.754,0.936,0.079,0.820,0.799,0.739,0.856,0.590,0.788,0.723,0.763,0.738,0.079,0.872,0.822,0.563,0.842,0.424,0.743,0.645,0.786,0.713,0.078,0.787,0.721,0.750,0.758,0.744,0.728,0.774,0.737,0.768,0.078
16:17:28,37.0,0.695,0.717,0.815,0.810,0.773,0.744,0.847,0.766,0.738,0.078,0.825,0.807,0.781,0.840,0.710,0.808,0.716,0.769,0.784,0.077,0.799,0.822,0.754,0.811,0.689,0.791,0.695,0.762,0.942,0.079,0.825,0.806,0.747,0.864,0.603,0.796,0.729,0.773,0.747,0.080,0.876,0.829,0.576,0.846,0.438,0.752,0.659,0.796,0.722,0.078,0.796,0.730,0.760,0.764,0.751,0.739,0.781,0.747,0.778,0.078
16:23:28,37.1,0.707,0.725,0.823,0.817,0.781,0.754,0.853,0.776,0.746,0.078,0.833,0.816,0.789,0.848,0.719,0.818,0.725,0.777,0.792,0.077,0.805,0.831,0.762,0.820,0.698,0.798,0.710,0.770,0.945,0.079,0.831,0.812,0.758,0.872,0.619,0.803,0.738,0.779,0.756,0.080,0.881,0.835,0.587,0.852,0.452,0.762,0.664,0.805,0.733,0.078,0.804,0.738,0.770,0.772,0.760,0.750,0.787,0.755,0.787,0.078
16:29:28,37.1,0.719,0.736,0.828,0.823,0.788,0.762,0.858,0.784,0.755,0.078,0.840,0.824,0.799,0.854,0.726,0.825,0.735,0.785,0.801,0.077,0.810,0.833,0.771,0.829,0.716,0.804,0.717,0.780,0.950,0.079,0.837,0.815,0.766,0.879,0.632,0.808,0.749,0.786,0.763,0.080,0.887,0.841,0.596,0.857,0.465,0.771,0.680,0.810,0.743,0.078,0.808,0.747,0.779,0.778,0.769,0.758,0.793,0.761,0.796,0.078
16:35:28,37.0,0.722,0.745,0.835,0.830,0.797,0.772,0.864,0.790,0.764,0.078,0.846,0.833,0.807,0.860,0.737,0.834,0.744,0.795,0.809,0.077,0.818,0.840,0.780,0.834,0.717,0.811,0.724,0.790,0.955,0.079,0.845,0.825,0.776,0.885,0.646,0.819,0.759,0.793,0.770,0.080,0.893,0.849,0.607,0.863,0.477,0.780,0.680,0.816,0.753,0.078,0.814,0.758,0.788,0.788,0.779,0.766,0.801,0.768,0.801,0.078
16:41:28,37.1,0.729,0.752,0.838,0.839,0.806,0.782,0.871,0.796,0.773,0.077,0.850,0.841,0.814,0.865,0.747,0.841,0.754,0.804,0.818,0.077,0.825,0.848,0.786,0.838,0.725,0.819,0.733,0.797,0.960,0.079,0.851,0.831,0.785,0.889,0.655,0.826,0.768,0.801,0.779,0.080,0.901,0.856,0.617,0.869,0.491,0.786,0.688,0.823,0.760,0.078,0.822,0.767,0.794,0.796,0.789,0.773,0.810,0.775,0.806,0.078
16:47:28,37.0,0.736,0.758,0.842,0.846,0.815,0.794,0.878,0.801,0.782,0.078,0.855,0.847,0.819,0.870,0.757,0.847,0.762,0.814,0.825,0.077,0.833,0.853,0.792,0.844,0.734,0.828,0.742,0.804,0.963,0.079,0.858,0.841,0.791,0.893,0.661,0.837,0.776,0.810,0.788,0.080,0.908,0.860,0.626,0.876,0.503,0.792,0.697,0.829,0.769,0.079,0.828,0.775,0.799,0.804,0.798,0.781,0.819,0.784,0.815,0.078
16:53:28,37.0,0.741,0.766,0.848,0.853,0.824,0.801,0.884,0.808,0.789,0.078,0.858,0.852,0.824,0.876,0.763,0.851,0.768,0.820,0.830,0.077,0.841,0.861,0.798,0.852,0.743,0.837,0.751,0.812,0.964,0.079,0.865,0.849,0.795,0.898,0.666,0.846,0.785,0.819,0.797,0.080,0.915,0.865,0.636,0.882,0.516,0.800,0.706,0.838,0.776,0.079,0.834,0.781,0.807,0.813,0.804,0.790,0.826,0.793,0.825,0.078
16:59:28,37.0,0.748,0.774,0.853,0.858,0.831,0.805,0.889,0.815,0.794,0.078,0.863,0.857,0.830,0.883,0.769,0.857,0.773,0.826,0.836,0.077,0.849,0.869,0.804,0.859,0.749,0.845,0.760,0.820,0.966,0.079,0.868,0.856,0.802,0.904,0.670,0.852,0.791,0.827,0.806,0.079,0.920,0.867,0.646,0.886,0.529,0.807,0.715,0.847,0.786,0.078,0.841,0.788,0.814,0.820,0.810,0.797,0.834,0.801,0.829,0.078
17:05:28,37.0,0.754,0.783,0.859,0.861,0.831,0.809,0.892,0.824,0.800,0.077,0.867,0.862,0.837,0.889,0.777,0.864,0.780,0.832,0.841,0.077,0.857,0.876,0.811,0.866,0.755,0.852,0.769,0.827,0.969,0.079,0.872,0.861,0.809,0.910,0.678,0.853,0.796,0.835,0.813,0.080,0.923,0.871,0.655,0.888,0.540,0.817,0.724,0.854,0.796,0.078,0.848,0.794,0.822,0.825,0.816,0.804,0.840,0.810,0.835,0.078
17:11:28,37.0,0.761,0.792,0.866,0.865,0.835,0.817,0.895,0.832,0.807,0.078,0.878,0.869,0.844,0.895,0.785,0.871,0.788,0.839,0.849,0.077,0.863,0.882,0.819,0.873,0.762,0.856,0.775,0.837,0.972,0.079,0.876,0.866,0.816,0.916,0.690,0.859,0.805,0.841,0.818,0.080,0.926,0.877,0.664,0.892,0.551,0.826,0.733,0.862,0.804,0.078,0.854,0.803,0.831,0.829,0.822,0.812,0.844,0.816,0.844,0.078
17:17:28,37.0,0.770,0.801,0.873,0.871,0.841,0.825,0.900,0.839,0.815,0.078,0.878,0.875,0.852,0.901,0.792,0.878,0.797,0.847,0.855,0.077,0.867,0.885,0.826,0.879,0.771,0.861,0.782,0.843,0.975,0.079,0.880,0.870,0.823,0.922,0.701,0.867,0.815,0.845,0.826,0.080,0.931,0.884,0.666,0.896,0.563,0.834,0.743,0.868,0.813,0.078,0.859,0.811,0.839,0.836,0.829,0.817,0.850,0.821,0.851,0.078
17:23:28,37.0,0.777,0.807,0.879,0.876,0.848,0.830,0.904,0.844,0.822,0.077,0.882,0.882,0.859,0.904,0.799,0.885,0.805,0.855,0.863,0.077,0.870,0.889,0.833,0.884,0.779,0.866,0.789,0.850,0.979,0.079,0.886,0.881,0.831,0.926,0.704,0.872,0.822,0.850,0.835,0.080,0.936,0.889,0.675,0.901,0.573,0.841,0.753,0.873,0.818,0.078,0.862,0.824,0.846,0.843,0.835,0.822,0.855,0.827,0.855,0.078
17:29:28,37.0,0.784,0.812,0.883,0.883,0.855,0.837,0.910,0.848,0.831,0.077,0.885,0.888,0.863,0.909,0.807,0.891,0.814,0.862,0.870,0.077,0.872,0.895,0.838,0.887,0.788,0.873,0.796,0.855,0.982,0.079,0.891,0.883,0.838,0.929,0.717,0.879,0.830,0.857,0.843,0.080,0.941,0.896,0.690,0.907,0.584,0.846,0.762,0.877,0.823,0.078,0.867,0.832,0.850,0.849,0.843,0.829,0.863,0.834,0.860,0.078
17:35:28,37.0,0.791,0.818,0.886,0.889,0.863,0.845,0.915,0.852,0.838,0.078,0.887,0.894,0.867,0.913,0.815,0.894,0.820,0.870,0.876,0.077,0.877,0.900,0.842,0.891,0.795,0.880,0.805,0.859,0.985,0.079,0.897,0.892,0.842,0.931,0.722,0.888,0.838,0.864,0.851,0.080,0.947,0.901,0.698,0.913,0.596,0.851,0.768,0.882,0.831,0.078,0.873,0.835,0.855,0.857,0.850,0.835,0.870,0.840,0.866,0.078
17:41:28,37.1,0.795,0.823,0.889,0.895,0.870,0.849,0.920,0.857,0.844,0.076,0.891,0.897,0.870,0.919,0.820,0.898,0.825,0.875,0.879,0.077,0.882,0.908,0.847,0.898,0.800,0.887,0.814,0.865,0.986,0.079,0.902,0.893,0.846,0.936,0.731,0.892,0.841,0.871,0.854,0.080,0.952,0.903,0.708,0.916,0.604,0.858,0.775,0.889,0.835,0.078,0.879,0.837,0.860,0.864,0.856,0.842,0.876,0.848,0.872,0.078
17:47:28,37.1,0.798,0.831,0.894,0.898,0.875,0.854,0.925,0.864,0.847,0.076,0.895,0.900,0.874,0.923,0.825,0.903,0.831,0.879,0.883,0.077,0.888,0.912,0.852,0.904,0.806,0.894,0.823,0.871,0.987,0.079,0.906,0.900,0.851,0.940,0.738,0.896,0.847,0.878,0.860,0.080,0.956,0.905,0.713,0.920,0.614,0.864,0.782,0.897,0.842,0.078,0.884,0.842,0.866,0.870,0.860,0.850,0.882,0.856,0.878,0.078
17:53:28,37.0,0.802,0.840,0.898,0.900,0.878,0.859,0.926,0.871,0.851,0.077,0.899,0.904,0.880,0.929,0.830,0.908,0.836,0.883,0.887,0.077,0.894,0.918,0.858,0.910,0.812,0.899,0.831,0.878,0.989,0.079,0.907,0.906,0.856,0.945,0.745,0.898,0.853,0.884,0.865,0.080,0.958,0.909,0.716,0.921,0.624,0.872,0.790,0.902,0.850,0.078,0.892,0.849,0.872,0.874,0.865,0.858,0.887,0.862,0.884,0.077
17:59:28,37.1,0.810,0.846,0.903,0.903,0.882,0.865,0.928,0.876,0.857,0.078,0.904,0.908,0.885,0.935,0.837,0.913,0.844,0.888,0.892,0.077,0.897,0.921,0.864,0.916,0.820,0.901,0.836,0.885,0.990,0.079,0.910,0.908,0.862,0.950,0.752,0.902,0.862,0.889,0.869,0.079,0.960,0.913,0.725,0.924,0.634,0.879,0.798,0.910,0.858,0.078,0.897,0.855,0.879,0.877,0.870,0.864,0.889,0.867,0.892,0.078
18:05:28,37.1,0.814,0.854,0.908,0.907,0.887,0.871,0.931,0.883,0.863,0.078,0.909,0.913,0.891,0.938,0.844,0.919,0.850,0.894,0.897,0.077,0.900,0.924,0.870,0.922,0.827,0.905,0.841,0.892,0.992,0.079,0.913,0.911,0.868,0.954,0.761,0.908,0.871,0.891,0.873,0.080,0.963,0.916,0.734,0.926,0.640,0.886,0.807,0.915,0.865,0.078,0.901,0.862,0.885,0.882,0.876,0.870,0.893,0.871,0.897,0.078
18:11:28,37.1,0.822,0.860,0.914,0.912,0.892,0.877,0.934,0.887,0.869,0.078,0.914,0.919,0.896,0.940,0.852,0.924,0.857,0.901,0.903,0.077,0.905,0.926,0.875,0.925,0.835,0.911,0.848,0.899,0.996,0.079,0.917,0.916,0.874,0.957,0.768,0.913,0.877,0.896,0.879,0.080,0.967,0.921,0.740,0.931,0.649,0.891,0.815,0.918,0.871,0.078,0.903,0.870,0.891,0.887,0.883,0.873,0.898,0.875,0.901,0.078
18:17:28,37.0,0.829,0.861,0.916,0.916,0.898,0.884,0.937,0.891,0.875,0.078,0.917,0.924,0.900,0.942,0.858,0.928,0.864,0.908,0.909,0.077,0.910,0.929,0.878,0.928,0.843,0.915,0.855,0.902,0.999,0.079,0.922,0.920,0.876,0.959,0.780,0.919,0.882,0.900,0.885,0.080,0.971,0.925,0.747,0.934,0.658,0.894,0.821,0.921,0.875,0.078,0.906,0.877,0.894,0.892,0.888,0.877,0.903,0.880,0.904,0.077
18:23:28,37.0,0.835,0.865,0.919,0.921,0.903,0.890,0.941,0.893,0.881,0.078,0.918,0.929,0.902,0.946,0.864,0.931,0.869,0.913,0.914,0.077,0.915,0.934,0.881,0.931,0.847,0.920,0.862,0.905,1.001,0.079,0.926,0.926,0.879,0.960,0.787,0.925,0.885,0.906,0.891,0.080,0.975,0.928,0.752,0.938,0.662,0.899,0.826,0.925,0.880,0.078,0.909,0.882,0.897,0.898,0.895,0.882,0.909,0.886,0.907,0.078
18:29:28,37.0,0.838,0.868,0.921,0.925,0.909,0.894,0.945,0.897,0.886,0.077,0.920,0.930,0.906,0.949,0.866,0.933,0.873,0.917,0.916,0.077,0.921,0.937,0.886,0.935,0.850,0.926,0.869,0.910,1.000,0.079,0.931,0.931,0.883,0.964,0.792,0.930,0.889,0.911,0.898,0.080,0.980,0.930,0.759,0.941,0.671,0.904,0.831,0.930,0.886,0.078,0.912,0.885,0.902,0.904,0.899,0.888,0.914,0.892,0.911,0.078
18:35:28,37.1,0.842,0.872,0.923,0.928,0.913,0.897,0.949,0.901,0.889,0.078,0.923,0.933,0.909,0.953,0.870,0.937,0.876,0.920,0.918,0.077,0.927,0.942,0.889,0.939,0.856,0.932,0.876,0.914,1.001,0.079,0.933,0.936,0.888,0.967,0.796,0.933,0.894,0.916,0.903,0.080,0.983,0.931,0.761,0.944,0.685,0.909,0.837,0.935,0.892,0.078,0.917,0.888,0.905,0.909,0.901,0.893,0.919,0.898,0.916,0.078
18:41:28,37.0,0.844,0.878,0.927,0.930,0.915,0.900,0.950,0.906,0.892,0.078,0.925,0.936,0.914,0.957,0.875,0.940,0.881,0.923,0.921,0.077,0.932,0.945,0.894,0.944,0.861,0.936,0.882,0.920,1.002,0.079,0.934,0.940,0.892,0.970,0.805,0.935,0.900,0.922,0.909,0.080,0.985,0.933,0.768,0.944,0.693,0.915,0.843,0.941,0.899,0.078,0.922,0.892,0.910,0.911,0.905,0.899,0.922,0.902,0.921,0.078
18:47:28,37.0,0.844,0.884,0.930,0.931,0.917,0.904,0.951,0.911,0.895,0.078,0.929,0.939,0.918,0.961,0.880,0.945,0.887,0.927,0.925,0.077,0.934,0.949,0.900,0.949,0.868,0.938,0.887,0.925,1.004,0.079,0.936,0.942,0.898,0.974,0.810,0.938,0.905,0.924,0.911,0.080,0.986,0.936,0.776,0.947,0.699,0.921,0.851,0.946,0.905,0.078,0.927,0.898,0.915,0.914,0.909,0.905,0.924,0.907,0.926,0.078
18:53:28,37.1,0.849,0.888,0.934,0.933,0.921,0.909,0.953,0.917,0.899,0.078,0.933,0.943,0.923,0.964,0.886,0.948,0.892,0.931,0.929,0.077,0.936,0.948,0.904,0.952,0.874,0.940,0.891,0.930,1.005,0.079,0.939,0.943,0.903,0.978,0.818,0.943,0.912,0.926,0.914,0.079,0.989,0.938,0.782,0.950,0.706,0.927,0.858,0.951,0.911,0.078,0.930,0.904,0.921,0.917,0.913,0.909,0.926,0.909,0.931,0.078
18:59:28,37.1,0.849,0.894,0.938,0.937,0.924,0.914,0.955,0.920,0.902,0.078,0.936,0.946,0.927,0.964,0.891,0.953,0.897,0.935,0.932,0.077,0.937,0.951,0.907,0.954,0.879,0.944,0.897,0.935,1.008,0.079,0.941,0.947,0.906,0.979,0.825,0.947,0.917,0.929,0.918,0.080,0.992,0.941,0.790,0.952,0.712,0.931,0.865,0.953,0.915,0.078,0.931,0.908,0.925,0.920,0.918,0.911,0.929,0.912,0.934,0.077
19:05:28,37.1,0.852,0.898,0.941,0.940,0.928,0.919,0.957,0.922,0.908,0.077,0.939,0.951,0.929,0.967,0.897,0.956,0.903,0.941,0.938,0.077,0.941,0.952,0.909,0.955,0.885,0.947,0.902,0.939,1.010,0.079,0.944,0.950,0.908,0.980,0.833,0.951,0.920,0.932,0.922,0.080,0.995,0.944,0.793,0.956,0.720,0.935,0.869,0.956,0.918,0.078,0.934,0.913,0.929,0.924,0.923,0.914,0.934,0.916,0.936,0.078
19:11:28,37.1,0.856,0.902,0.943,0.943,0.933,0.924,0.960,0.924,0.912,0.077,0.942,0.955,0.931,0.969,0.900,0.957,0.907,0.946,0.941,0.077,0.944,0.955,0.913,0.956,0.889,0.951,0.908,0.942,1.010,0.079,0.947,0.953,0.911,0.983,0.839,0.956,0.923,0.938,0.928,0.080,0.999,0.944,0.797,0.958,0.729,0.939,0.873,0.958,0.922,0.078,0.937,0.918,0.930,0.929,0.928,0.918,0.938,0.919,0.938,0.078
19:17:28,37.1,0.859,0.902,0.944,0.947,0.937,0.928,0.963,0.926,0.917,0.078,0.940,0.957,0.933,0.971,0.902,0.961,0.909,0.949,0.943,0.077,0.948,0.958,0.918,0.959,0.892,0.957,0.914,0.943,1.010,0.079,0.950,0.958,0.914,0.984,0.843,0.959,0.926,0.942,0.932,0.080,1.001,0.945,0.798,0.959,0.736,0.943,0.877,0.970,0.926,0.078,0.939,0.919,0.932,0.933,0.931,0.921,0.942,0.923,0.941,0.077
19:23:28,37.1,0.862,0.904,0.945,0.950,0.941,0.928,0.965,0.928,0.920,0.076,0.942,0.958,0.937,0.974,0.906,0.964,0.911,0.950,0.944,0.077,0.952,0.962,0.923,0.963,0.896,0.961,0.920,0.947,1.011,0.079,0.952,0.961,0.918,0.987,0.849,0.962,0.930,0.946,0.938,0.080,1.003,0.946,0.805,0.961,0.743,0.947,0.882,0.966,0.931,0.078,0.943,0.923,0.936,0.937,0.933,0.925,0.946,0.928,0.944,0.078
19:29:28,37.1,0.863,0.908,0.947,0.950,0.942,0.930,0.967,0.931,0.922,0.078,0.944,0.960,0.940,0.978,0.909,0.967,0.915,0.952,0.946,0.077,0.955,0.966,0.926,0.967,0.901,0.964,0.924,0.951,1.012,0.079,0.953,0.964,0.922,0.989,0.853,0.963,0.934,0.951,0.941,0.080,1.004,0.947,0.808,0.962,0.746,0.952,0.888,0.970,0.936,0.078,0.946,0.925,0.940,0.940,0.935,0.930,0.949,0.933,0.947,0.078
19:35:28,37.1,0.865,0.911,0.949,0.951,0.944,0.933,0.967,0.935,0.923,0.078,0.945,0.963,0.944,0.981,0.914,0.970,0.919,0.954,0.948,0.077,0.958,0.967,0.930,0.968,0.906,0.966,0.925,0.956,1.012,0.079,0.954,0.965,0.927,0.992,0.861,0.965,0.939,0.953,0.942,0.080,1.006,0.949,0.814,0.964,0.750,0.957,0.896,0.974,0.941,0.078,0.949,0.929,0.944,0.941,0.938,0.935,0.949,0.936,0.952,0.078
19:41:28,37.1,0.866,0.916,0.951,0.953,0.945,0.937,0.968,0.939,0.925,0.078,0.948,0.965,0.947,0.982,0.918,0.975,0.923,0.958,0.951,0.077,0.958,0.968,0.933,0.974,0.911,0.969,0.929,0.959,1.013,0.079,0.955,0.967,0.929,0.994,0.865,0.968,0.944,0.955,0.944,0.080,1.007,0.951,0.819,0.965,0.750,0.961,0.901,0.976,0.945,0.078,0.952,0.932,0.948,0.943,0.941,0.937,0.950,0.937,0.955,0.078
19:47:28,37.0,0.869,0.920,0.955,0.955,0.948,0.940,0.970,0.942,0.928,0.078,0.950,0.968,0.949,0.982,0.923,0.978,0.928,0.961,0.954,0.077,0.959,0.970,0.934,0.975,0.917,0.971,0.932,0.963,1.013,0.079,0.957,0.969,0.931,0.996,0.871,0.971,0.947,0.956,0.946,0.080,1.008,0.953,0.824,0.966,0.762,0.962,0.907,0.977,0.948,0.078,0.953,0.937,0.952,0.946,0.945,0.939,0.953,0.939,0.958,0.078
19:53:28,37.0,0.871,0.924,0.957,0.957,0.950,0.944,0.972,0.945,0.931,0.078,0.952,0.971,0.950,0.983,0.927,0.980,0.932,0.965,0.958,0.077,0.962,0.972,0.936,0.976,0.918,0.974,0.937,0.965,1.015,0.079,0.960,0.971,0.933,0.996,0.877,0.975,0.949,0.959,0.950,0.080,1.011,0.955,0.826,0.968,0.769,0.964,0.911,0.979,0.950,0.078,0.954,0.942,0.954,0.949,0.948,0.941,0.955,0.941,0.959,0.077
19:59:28,37.0,0.873,0.927,0.958,0.960,0.954,0.948,0.973,0.945,0.934,0.078,0.953,0.975,0.952,0.985,0.928,0.980,0.934,0.968,0.961,0.077,0.964,0.974,0.938,0.977,0.920,0.977,0.942,0.966,1.014,0.079,0.961,0.974,0.936,0.997,0.882,0.978,0.952,0.962,0.953,0.080,1.013,0.957,0.830,0.970,0.775,0.966,0.913,0.981,0.952,0.078,0.955,0.945,0.955,0.952,0.952,0.943,0.958,0.944,0.960,0.078
20:05:28,37.0,0.876,0.926,0.958,0.963,0.957,0.950,0.975,0.947,0.938,0.077,0.953,0.976,0.954,0.987,0.930,0.981,0.935,0.971,0.962,0.077,0.967,0.976,0.940,0.980,0.922,0.981,0.945,0.968,1.015,0.079,0.964,0.977,0.939,0.999,0.884,0.981,0.954,0.965,0.957,0.080,1.014,0.957,0.832,0.971,0.779,0.970,0.917,0.984,0.956,0.078,0.957,0.947,0.956,0.956,0.955,0.947,0.961,0.947,0.962,0.078
20:11:28,37.0,0.879,0.928,0.959,0.964,0.960,0.951,0.977,0.948,0.941,0.078,0.954,0.978,0.956,0.989,0.932,0.984,0.937,0.972,0.963,0.077,0.969,0.979,0.943,0.982,0.922,0.984,0.950,0.971,1.016,0.078,0.965,0.980,0.941,1.001,0.889,0.982,0.957,0.968,0.960,0.080,1.015,0.957,0.836,0.971,0.784,0.974,0.921,0.987,0.959,0.078,0.959,0.949,0.959,0.958,0.956,0.949,0.964,0.951,0.964,0.077
20:17:28,37.0,0.881,0.930,0.960,0.965,0.961,0.952,0.978,0.950,0.942,0.077,0.954,0.978,0.959,0.992,0.935,0.985,0.940,0.973,0.964,0.077,0.972,0.981,0.945,0.984,0.926,0.985,0.952,0.973,1.016,0.079,0.965,0.981,0.945,1.002,0.896,0.983,0.960,0.971,0.963,0.080,1.016,0.958,0.840,0.971,0.786,0.978,0.925,0.990,0.963,0.078,0.962,0.950,0.961,0.960,0.957,0.953,0.965,0.954,0.966,0.078
20:23:28,37.0,0.881,0.933,0.962,0.965,0.962,0.954,0.978,0.952,0.943,0.078,0.955,0.979,0.961,0.992,0.939,0.988,0.943,0.976,0.966,0.077,0.974,0.982,0.947,0.987,0.930,0.987,0.954,0.977,1.016,0.079,0.965,0.982,0.947,1.004,0.900,0.985,0.963,0.972,0.964,0.080,1.017,0.959,0.844,0.972,0.791,0.980,0.929,0.993,0.966,0.078,0.965,0.953,0.964,0.960,0.959,0.957,0.965,0.956,0.969,0.078
20:29:28,37.0,0.882,0.935,0.964,0.966,0.963,0.956,0.978,0.955,0.944,0.077,0.957,0.982,0.963,0.993,0.942,0.990,0.945,0.978,0.968,0.077,0.974,0.983,0.947,0.988,0.933,0.987,0.956,0.980,1.016,0.079,0.967,0.983,0.948,1.005,0.903,0.987,0.967,0.973,0.965,0.080,1.018,0.961,0.847,0.974,0.796,0.985,0.931,0.995,0.969,0.078,0.966,0.955,0.967,0.963,0.961,0.959,0.967,0.957,0.972,0.078
20:35:28,37.1,0.882,0.939,0.966,0.967,0.964,0.959,0.979,0.957,0.947,0.078,0.959,0.983,0.964,0.994,0.945,0.992,0.952,0.981,0.970,0.077,0.975,0.984,0.950,0.989,0.936,0.990,0.959,0.982,1.016,0.079,0.968,0.985,0.950,1.005,0.910,0.989,0.969,0.975,0.967,0.080,1.019,0.961,0.851,0.974,0.803,0.986,0.937,0.997,0.970,0.078,0.967,0.958,0.970,0.964,0.964,0.959,0.970,0.958,0.974,0.077
20:41:28,37.1,0.883,0.941,0.968,0.969,0.966,0.961,0.980,0.959,0.947,0.077,0.960,0.986,0.965,0.995,0.946,0.991,0.953,0.983,0.973,0.077,0.976,0.984,0.950,0.990,0.937,0.991,0.961,0.984,1.016,0.079,0.969,0.986,0.952,1.006,0.910,0.992,0.970,0.976,0.969,0.080,1.020,0.963,0.854,0.976,0.808,0.988,0.935,0.997,0.973,0.078,0.966,0.962,0.971,0.966,0.967,0.961,0.971,0.959,0.975,0.077
20:47:28,37.0,0.884,0.943,0.969,0.971,0.968,0.964,0.981,0.960,0.949,0.078,0.961,0.987,0.966,0.996,0.947,0.992,0.955,0.986,0.975,0.077,0.978,0.986,0.953,0.991,0.939,0.992,0.964,0.984,1.016,0.078,0.970,0.988,0.953,1.007,0.913,0.994,0.971,0.978,0.971,0.080,1.022,0.964,0.856,0.977,0.815,0.990,0.936,0.998,0.974,0.078,0.967,0.964,0.972,0.969,0.970,0.962,0.973,0.960,0.975,0.078
20:53:28,37.1,0.886,0.943,0.969,0.972,0.971,0.966,0.982,0.959,0.952,0.078,0.961,0.987,0.968,0.997,0.950,0.992,0.956,0.988,0.976,0.077,0.979,0.987,0.954,0.992,0.941,0.995,0.968,0.985,1.016,0.079,0.972,0.990,0.956,1.008,0.914,0.995,0.974,0.981,0.975,0.080,1.021,0.964,0.859,0.976,0.817,0.992,0.939,1.001,0.977,0.078,0.970,0.966,0.973,0.971,0.971,0.965,0.977,0.963,0.976,0.077
20:59:28,37.0,0.889,0.944,0.969,0.973,0.973,0.967,0.983,0.961,0.955,0.077,0.960,0.988,0.969,0.998,0.952,0.993,0.959,0.989,0.977,0.077,0.981,0.990,0.957,0.993,0.944,0.997,0.971,0.988,1.016,0.079,0.972,0.992,0.958,1.009,0.918,0.996,0.976,0.984,0.977,0.080,1.022,0.964,0.861,0.978,0.820,0.995,0.941,1.003,0.981,0.078,0.970,0.967,0.975,0.973,0.971,0.967,0.982,0.965,0.978,0.077
21:05:28,37.1,0.890,0.945,0.970,0.973,0.973,0.967,0.984,0.962,0.956,0.078,0.961,0.989,0.971,1.000,0.954,0.994,0.960,0.988,0.977,0.077,0.983,0.991,0.958,0.995,0.947,0.997,0.971,0.990,1.016,0.079,0.972,0.992,0.960,1.010,0.919,0.997,0.979,0.985,0.978,0.080,1.023,0.964,0.865,0.977,0.822,0.999,0.946,1.005,0.982,0.078,0.972,0.968,0.976,0.973,0.972,0.970,0.979,0.967,0.980,0.077
21:11:28,37.0,0.891,0.947,0.971,0.974,0.974,0.968,0.984,0.964,0.957,0.077,0.962,0.990,0.973,1.000,0.956,0.995,0.963,0.990,0.978,0.077,0.984,0.990,0.959,0.997,0.950,0.998,0.972,0.992,1.016,0.079,0.972,0.993,0.961,1.010,0.924,0.998,0.981,0.985,0.979,0.080,1.023,0.966,0.869,0.978,0.825,1.001,0.949,1.006,0.985,0.078,0.974,0.969,0.978,0.974,0.974,0.972,0.982,0.969,0.982,0.077
21:17:28,37.0,0.890,0.949,0.972,0.975,0.975,0.970,0.984,0.964,0.957,0.078,0.962,0.991,0.973,1.001,0.959,0.996,0.965,0.991,0.979,0.077,0.984,0.991,0.960,0.997,0.952,0.999,0.974,0.995,1.017,0.079,0.973,0.994,0.962,1.011,0.926,0.999,0.984,0.986,0.980,0.080,1.024,0.966,0.872,0.977,0.829,1.004,0.953,1.008,0.987,0.078,0.975,0.971,0.981,0.975,0.975,0.973,0.984,0.971,0.984,0.078
21:23:28,37.0,0.891,0.951,0.973,0.975,0.976,0.971,0.985,0.967,0.958,0.078,0.963,0.992,0.974,1.001,0.960,0.996,0.968,0.993,0.980,0.077,0.984,0.991,0.962,0.997,0.953,1.000,0.976,0.996,1.016,0.079,0.974,0.994,0.963,1.011,0.930,1.001,0.984,0.988,0.982,0.080,1.024,0.966,0.873,0.977,0.833,1.004,0.955,1.008,0.992,0.078,0.975,0.973,0.982,0.977,0.978,0.973,0.987,0.975,0.984,0.077
21:29:28,37.0,0.892,0.954,0.973,0.976,0.977,0.973,0.985,0.968,0.959,0.078,0.964,0.993,0.974,1.002,0.961,0.997,0.970,0.994,0.980,0.077,0.985,0.992,0.963,0.997,0.955,1.001,0.978,0.997,1.016,0.079,0.975,0.996,0.964,1.012,0.930,1.003,0.986,0.989,0.983,0.080,1.025,0.966,0.874,0.978,0.838,1.005,0.956,1.009,0.991,0.078,0.976,0.975,0.982,0.978,0.980,0.974,0.987,0.974,0.984,0.078
21:35:28,37.0,0.892,0.955,0.974,0.977,0.978,0.975,0.986,0.969,0.960,0.076,0.963,0.994,0.976,1.003,0.962,0.998,0.970,0.996,0.982,0.077,0.986,0.992,0.965,0.996,0.956,1.003,0.980,0.998,1.016,0.079,0.976,0.997,0.966,1.012,0.932,1.004,0.987,0.990,0.986,0.080,1.024,0.965,0.875,0.977,0.841,1.006,0.957,1.012,0.996,0.078,0.976,0.977,0.983,0.979,0.981,0.975,0.989,0.978,0.985,0.078
21:41:28,37.0,0.893,0.955,0.974,0.977,0.980,0.976,0.987,0.969,0.962,0.077,0.963,0.993,0.976,1.003,0.964,0.999,0.971,0.997,0.981,0.077,0.987,0.993,0.966,0.997,0.958,1.004,0.982,0.999,1.016,0.079,0.975,0.998,0.968,1.013,0.935,1.004,0.988,0.992,0.987,0.080,1.024,0.965,0.877,0.978,0.842,1.006,0.960,1.012,0.997,0.078,0.976,0.977,0.984,0.981,0.981,0.977,0.990,0.980,0.986,0.078
21:47:28,37.0,0.893,0.955,0.975,0.977,0.981,0.976,0.986,0.969,0.963,0.077,0.964,0.994,0.978,1.004,0.964,1.000,0.972,0.997,0.982,0.077,0.988,0.994,0.968,0.998,0.961,1.004,0.985,1.000,1.017,0.079,0.975,0.999,0.969,1.013,0.939,1.005,0.991,0.993,0.988,0.080,1.024,0.966,0.878,0.978,0.844,1.010,0.961,1.014,1.002,0.078,0.977,0.978,0.984,0.982,0.982,0.978,0.990,0.983,0.990,0.077
21:53:28,37.0,0.894,0.956,0.975,0.977,0.981,0.977,0.986,0.970,0.964,0.078,0.964,0.992,0.978,1.005,0.966,1.000,0.972,0.997,0.982,0.077,0.989,0.994,0.966,0.997,0.963,1.003,0.984,1.002,1.015,0.078,0.976,0.999,0.970,1.013,0.940,1.006,0.991,0.994,0.988,0.080,1.025,0.967,0.884,0.978,0.848,1.007,0.964,1.015,1.000,0.078,0.978,0.978,0.985,0.982,0.982,0.980,0.990,0.983,0.988,0.077
21:59:28,37.1,0.895,0.957,0.975,0.978,0.981,0.978,0.986,0.971,0.964,0.078,0.968,0.994,0.979,1.004,0.968,1.001,0.973,0.998,0.983,0.077,0.989,0.994,0.967,0.997,0.964,1.004,0.986,1.003,1.015,0.079,0.975,1.000,0.971,1.013,0.943,1.007,0.994,0.994,0.989,0.080,1.025,0.966,0.886,0.977,0.852,1.008,0.967,1.015,1.002,0.078,0.979,0.979,0.987,0.982,0.984,0.981,0.991,0.984,0.989,0.077
22:05:28,37.1,0.895,0.958,0.976,0.978,0.982,0.978,0.986,0.971,0.965,0.077,0.967,0.994,0.979,1.004,0.969,1.001,0.975,1.000,0.984,0.077,0.989,0.995,0.969,0.998,0.965,1.004,0.986,1.004,1.016,0.079,0.976,1.000,0.973,1.013,0.946,1.008,0.994,0.994,0.989,0.080,1.025,0.966,0.886,0.977,0.854,1.008,0.969,1.016,1.003,0.078,0.979,0.981,0.988,0.983,0.984,0.982,0.992,0.985,0.989,0.077
22:11:28,37.1,0.895,0.960,0.976,0.979,0.982,0.979,0.987,0.973,0.966,0.078,0.965,0.993,0.980,1.004,0.970,1.001,0.975,1.000,0.984,0.077,0.989,0.996,0.967,0.998,0.966,1.005,0.988,1.004,1.014,0.078,0.976,1.000,0.973,1.013,0.948,1.008,0.995,0.996,0.991,0.079,1.025,0.966,0.888,0.976,0.857,1.009,0.970,1.016,1.004,0.078,0.978,0.982,0.988,0.984,0.986,0.982,0.992,0.986,0.991,0.078
22:17:28,37.1,0.895,0.960,0.976,0.980,0.983,0.980,0.987,0.973,0.965,0.077,0.964,0.994,0.981,1.005,0.970,1.001,0.975,1.000,0.985,0.077,0.990,0.996,0.968,0.999,0.967,1.006,0.990,1.005,1.015,0.079,0.976,1.001,0.973,1.014,0.949,1.008,0.996,0.996,0.992,0.080,1.026,0.965,0.888,0.976,0.859,1.008,0.971,1.017,1.005,0.078,0.979,0.984,0.989,0.985,0.986,0.982,0.991,0.986,0.991,0.077
22:23:28,37.1,0.894,0.961,0.976,0.980,0.984,0.981,0.987,0.973,0.966,0.078,0.964,0.992,0.981,1.006,0.971,1.002,0.976,1.002,0.985,0.077,0.990,0.997,0.969,1.000,0.969,1.006,0.990,1.008,1.015,0.079,0.976,1.001,0.976,1.014,0.951,1.009,0.997,0.997,0.993,0.080,1.025,0.965,0.891,0.975,0.862,1.009,0.972,1.018,1.007,0.078,0.979,0.984,0.989,0.986,0.988,0.983,0.992,0.987,0.991,0.077
22:29:28,37.1,0.895,0.961,0.976,0.980,0.984,0.982,0.987,0.972,0.967,0.077,0.964,0.993,0.982,1.006,0.973,1.003,0.976,1.001,0.985,0.077,0.991,0.996,0.968,1.000,0.970,1.006,0.991,1.005,1.014,0.079,0.976,1.001,0.975,1.013,0.953,1.009,0.997,0.997,0.994,0.080,1.025,0.963,0.892,0.974,0.864,1.010,0.974,1.018,1.006,0.078,0.979,0.984,0.989,0.986,0.987,0.984,0.990,0.986,0.991,0.078
22:35:28,37.0,0.895,0.962,0.976,0.979,0.984,0.983,0.987,0.973,0.966,0.077,0.963,0.994,0.982,1.005,0.974,1.003,0.977,1.002,0.985,0.077,0.991,0.996,0.968,1.000,0.971,1.007,0.992,1.006,1.014,0.079,0.976,1.001,0.975,1.013,0.955,1.010,0.998,0.997,0.996,0.080,1.025,0.964,0.892,0.975,0.864,1.010,0.975,1.019,1.006,0.078,0.980,0.985,0.990,0.986,0.988,0.986,0.990,0.984,0.993,0.078
22:41:28,37.0,0.896,0.962,0.975,0.979,0.984,0.982,0.987,0.973,0.967,0.078,0.963,0.995,0.982,1.005,0.974,1.002,0.977,1.002,0.984,0.077,0.991,0.996,0.969,0.999,0.974,1.007,0.992,1.008,1.014,0.079,0.975,1.001,0.976,1.013,0.957,1.010,0.999,0.997,0.995,0.080,1.024,0.963,0.894,0.973,0.867,1.011,0.978,1.019,1.007,0.078,0.980,0.985,0.990,0.987,0.988,0.986,0.990,0.988,0.992,0.077
22:47:28,37.0,0.895,0.963,0.975,0.979,0.984,0.983,0.986,0.974,0.968,0.076,0.963,0.995,0.983,1.005,0.975,1.003,0.978,1.002,0.985,0.077,0.990,0.995,0.970,1.000,0.973,1.008,0.994,1.007,1.018,0.078,0.975,1.002,0.977,1.013,0.958,1.010,0.999,0.997,0.998,0.079,1.024,0.963,0.894,0.972,0.869,1.012,0.978,1.019,1.007,0.078,0.980,0.985,0.991,0.986,0.989,0.986,0.991,0.984,0.993,0.077
22:53:28,37.0,0.895,0.964,0.976,0.979,0.985,0.983,0.986,0.974,0.966,0.077,0.963,0.995,0.983,1.006,0.975,1.002,0.979,1.003,0.985,0.077,0.990,0.995,0.970,0.999,0.974,1.009,0.994,1.007,1.018,0.079,0.975,1.001,0.977,1.013,0.959,1.011,1.002,0.998,0.995,0.080,1.024,0.963,0.893,0.972,0.871,1.012,0.979,1.019,1.008,0.078,0.979,0.986,0.991,0.987,0.990,0.986,0.993,0.983,0.993,0.077
22:59:28,37.0,0.894,0.964,0.975,0.979,0.985,0.984,0.986,0.974,0.967,0.078,0.963,0.995,0.983,1.005,0.976,1.002,0.979,1.003,0.985,0.077,0.991,0.996,0.970,1.000,0.975,1.008,0.995,1.007,1.017,0.079,0.976,1.002,0.978,1.013,0.961,1.011,1.002,0.998,0.999,0.080,1.025,0.961,0.894,0.971,0.873,1.012,0.980,1.020,1.008,0.078,0.979,0.987,0.991,0.988,0.989,0.987,0.992,0.984,0.993,0.078
23:05:28,37.0,0.893,0.964,0.976,0.978,0.985,0.984,0.986,0.974,0.968,0.077,0.963,0.994,0.983,1.005,0.977,1.002,0.979,1.003,0.985,0.077,0.991,0.996,0.971,1.000,0.976,1.008,0.995,1.007,1.016,0.079,0.975,1.002,0.978,1.012,0.962,1.011,1.002,0.998,0.997,0.080,1.024,0.961,0.895,0.970,0.875,1.013,0.981,1.019,1.009,0.078,0.979,0.987,0.991,0.988,0.990,0.988,0.994,0.984,0.993,0.078
23:11:28,37.1,0.892,0.964,0.975,0.979,0.986,0.984,0.986,0.974,0.967,0.077,0.962,0.994,0.983,1.004,0.977,1.002,0.980,1.002,0.985,0.077,0.991,0.996,0.970,1.000,0.977,1.008,0.994,1.008,1.015,0.079,0.975,1.002,0.978,1.012,0.964,1.011,1.001,0.998,0.997,0.080,1.023,0.960,0.896,0.970,0.877,1.014,0.982,1.020,1.010,0.078,0.979,0.987,0.992,0.988,0.990,0.989,0.992,0.985,0.993,0.077
23:17:28,37.1,0.892,0.963,0.975,0.979,0.986,0.984,0.985,0.973,0.968,0.077,0.962,0.993,0.983,1.005,0.977,1.002,0.980,1.003,0.985,0.077,0.990,0.995,0.971,1.000,0.976,1.008,0.995,1.008,1.013,0.079,0.975,1.001,0.979,1.013,0.966,1.010,1.003,0.999,0.996,0.080,1.023,0.959,0.897,0.969,0.878,1.014,0.983,1.020,1.009,0.078,0.978,0.987,0.992,0.988,0.989,0.987,0.992,0.985,0.993,0.077
23:23:28,37.1,0.892,0.963,0.975,0.978,0.985,0.984,0.985,0.973,0.967,0.078,0.962,0.993,0.984,1.004,0.978,1.002,0.981,1.002,0.985,0.077,0.991,0.995,0.971,0.999,0.977,1.008,0.996,1.008,1.012,0.079,0.975,1.001,0.979,1.012,0.967,1.011,1.004,0.998,0.996,0.080,1.024,0.959,0.898,0.969,0.880,1.013,0.984,1.019,1.010,0.078,0.979,0.988,0.992,0.987,0.989,0.988,0.993,0.985,0.993,0.077
23:29:28,37.1,0.892,0.963,0.975,0.978,0.985,0.984,0.985,0.973,0.967,0.077,0.961,0.993,0.983,1.004,0.978,1.002,0.980,1.002,0.984,0.077,0.991,0.995,0.971,0.999,0.978,1.008,0.996,1.008,1.010,0.078,0.975,1.001,0.979,1.011,0.968,1.010,1.002,0.998,0.997,0.080,1.022,0.958,0.897,0.968,0.879,1.014,0.984,1.019,1.010,0.078,0.979,0.987,0.992,0.987,0.989,0.987,0.991,0.985,0.993,0.077
23:35:28,37.0,0.892,0.963,0.974,0.979,0.985,0.984,0.985,0.974,0.968,0.077,0.961,0.993,0.984,1.004,0.978,1.002,0.980,1.003,0.984,0.077,0.990,0.995,0.972,0.999,0.978,1.008,0.997,1.008,1.010,0.079,0.974,1.001,0.980,1.011,0.970,1.010,1.001,0.998,0.997,0.080,1.023,0.957,0.898,0.967,0.883,1.014,0.985,1.019,1.011,0.078,0.979,0.987,0.992,0.987,0.989,0.987,0.992,0.985,0.993,0.077
23:41:28,37.0,0.891,0.963,0.974,0.978,0.985,0.984,0.984,0.973,0.967,0.078,0.961,0.993,0.983,1.003,0.978,1.001,0.981,1.002,0.984,0.077,0.990,0.994,0.972,1.000,0.978,1.008,0.997,1.008,1.010,0.078,0.974,1.000,0.980,1.011,0.970,1.010,1.002,0.998,0.997,0.080,1.022,0.957,0.899,0.966,0.882,1.014,0.986,1.019,1.010,0.078,0.978,0.988,0.992,0.988,0.990,0.987,0.990,0.985,0.993,0.077
23:47:28,37.1,0.891,0.963,0.974,0.977,0.985,0.985,0.984,0.973,0.967,0.078,0.961,0.993,0.983,1.003,0.978,1.001,0.981,1.002,0.983,0.077,0.990,0.994,0.972,0.999,0.979,1.008,0.997,1.008,1.008,0.079,0.973,1.000,0.980,1.011,0.971,1.010,1.002,0.997,0.997,0.080,1.022,0.956,0.899,0.965,0.884,1.013,0.985,1.018,1.011,0.078,0.978,0.988,0.991,0.988,0.992,0.987,0.991,0.986,0.993,0.077
0:00:00,,,,,,,,,,,,,,,,,,,,,,,,,,,,,,,,,,,,,,,,,,,,,,,,,,,,,,,,,,,,,
0:00:00,,,,,,,,,,,,,,,,,,,,,,,,,,,,,,,,,,,,,,,,,,,,,,,,,,,,,,,,,,,,,
0:00:00,,,,,,,,,,,,,,,,,,,,,,,,,,,,,,,,,,,,,,,,,,,,,,,,,,,,,,,,,,,,,

