0:14:07,36.9,0.045,0.044,0.046,0.043,0.046,0.043,0.045,0.043,0.045,0.043,0.046,0.044,0.045,0.043,0.045,0.043,0.046,0.044,0.045,0.043,0.045,0.044,0.046,0.044,0.046,0.043,0.045,0.043,0.045,0.043,0.046,0.044,0.045,0.044,0.045,0.043,0.046,0.043,0.046,0.044,0.046,0.044,0.045,0.043,0.046,0.044,0.046,0.043,0.046,0.043,0.046,0.044,0.045,0.044,0.046,0.044,0.046,0.044,0.046,0.043,0.046,0.044,0.045,0.043,0.046,0.043,0.046,0.044,0.046,0.043,0.046,0.044,0.045,0.043,0.046,0.044,0.046,0.044,0.046,0.044
0:29:07,37.0,0.045,0.045,0.046,0.043,0.046,0.043,0.045,0.043,0.046,0.043,0.046,0.044,0.045,0.043,0.045,0.043,0.046,0.043,0.045,0.043,0.045,0.044,0.046,0.043,0.046,0.043,0.045,0.043,0.045,0.043,0.046,0.044,0.045,0.044,0.046,0.044,0.046,0.043,0.045,0.043,0.046,0.044,0.045,0.043,0.046,0.044,0.046,0.043,0.046,0.043,0.046,0.044,0.045,0.044,0.046,0.044,0.046,0.043,0.045,0.043,0.045,0.044,0.045,0.044,0.046,0.043,0.046,0.043,0.046,0.043,0.046,0.044,0.045,0.044,0.046,0.044,0.046,0.044,0.046,0.043
0:44:07,37.0,0.046,0.044,0.045,0.043,0.046,0.043,0.045,0.043,0.045,0.043,0.046,0.044,0.045,0.043,0.045,0.043,0.045,0.043,0.045,0.043,0.046,0.044,0.046,0.044,0.046,0.043,0.045,0.043,0.045,0.043,0.046,0.044,0.045,0.044,0.046,0.044,0.046,0.043,0.045,0.043,0.046,0.044,0.045,0.044,0.046,0.044,0.045,0.043,0.046,0.043,0.046,0.045,0.045,0.044,0.046,0.044,0.046,0.043,0.045,0.043,0.046,0.044,0.045,0.044,0.046,0.043,0.046,0.043,0.046,0.043,0.046,0.045,0.045,0.044,0.046,0.044,0.046,0.044,0.045,0.043
0:59:07,37.1,0.046,0.045,0.045,0.044,0.046,0.044,0.045,0.043,0.045,0.043,0.047,0.045,0.045,0.044,0.045,0.043,0.045,0.043,0.045,0.043,0.047,0.045,0.046,0.044,0.045,0.043,0.045,0.043,0.045,0.043,0.047,0.045,0.045,0.044,0.045,0.044,0.046,0.044,0.045,0.043,0.047,0.045,0.045,0.044,0.046,0.044,0.045,0.044,0.046,0.043,0.047,0.045,0.045,0.044,0.046,0.044,0.046,0.043,0.045,0.043,0.047,0.045,0.045,0.044,0.046,0.043,0.045,0.043,0.046,0.043,0.047,0.045,0.046,0.044,0.046,0.044,0.046,0.044,0.045,0.044
1:14:07,37.0,0.047,0.046,0.045,0.044,0.046,0.044,0.045,0.043,0.045,0.043,0.048,0.046,0.045,0.044,0.045,0.044,0.046,0.044,0.045,0.043,0.048,0.046,0.046,0.044,0.045,0.044,0.046,0.044,0.045,0.043,0.048,0.046,0.045,0.044,0.046,0.044,0.046,0.044,0.045,0.044,0.048,0.046,0.045,0.044,0.046,0.044,0.046,0.044,0.046,0.044,0.048,0.046,0.046,0.045,0.046,0.044,0.046,0.044,0.045,0.044,0.048,0.046,0.046,0.045,0.046,0.044,0.045,0.044,0.045,0.044,0.049,0.046,0.046,0.045,0.046,0.044,0.046,0.044,0.046,0.044
1:29:07,37.0,0.048,0.064,0.046,0.044,0.046,0.044,0.045,0.044,0.046,0.043,0.049,0.048,0.045,0.044,0.045,0.044,0.046,0.044,0.045,0.044,0.049,0.047,0.046,0.045,0.046,0.044,0.046,0.044,0.045,0.044,0.050,0.048,0.045,0.045,0.046,0.045,0.046,0.044,0.045,0.044,0.050,0.048,0.046,0.045,0.046,0.044,0.046,0.044,0.046,0.044,0.050,0.048,0.046,0.045,0.046,0.044,0.046,0.044,0.045,0.044,0.050,0.048,0.046,0.045,0.046,0.044,0.046,0.044,0.045,0.043,0.050,0.048,0.046,0.045,0.046,0.044,0.046,0.044,0.046,0.043
1:44:07,37.0,0.050,0.050,0.046,0.045,0.047,0.045,0.045,0.044,0.046,0.044,0.051,0.049,0.046,0.045,0.046,0.045,0.046,0.044,0.045,0.044,0.051,0.049,0.046,0.045,0.046,0.045,0.046,0.044,0.045,0.044,0.052,0.050,0.046,0.046,0.046,0.045,0.046,0.044,0.045,0.044,0.051,0.050,0.046,0.046,0.046,0.045,0.046,0.044,0.046,0.044,0.052,0.050,0.046,0.046,0.046,0.045,0.046,0.044,0.045,0.044,0.051,0.049,0.046,0.046,0.046,0.044,0.046,0.044,0.045,0.044,0.052,0.050,0.046,0.046,0.046,0.045,0.046,0.044,0.046,0.044
1:59:07,37.1,0.053,0.052,0.046,0.046,0.047,0.045,0.045,0.044,0.046,0.044,0.053,0.051,0.046,0.046,0.046,0.045,0.046,0.045,0.046,0.044,0.053,0.051,0.047,0.046,0.046,0.045,0.046,0.045,0.045,0.044,0.054,0.052,0.046,0.046,0.046,0.045,0.046,0.045,0.046,0.044,0.054,0.051,0.046,0.047,0.046,0.045,0.046,0.045,0.046,0.044,0.054,0.051,0.046,0.047,0.046,0.045,0.046,0.044,0.045,0.044,0.054,0.051,0.046,0.047,0.046,0.044,0.046,0.044,0.046,0.044,0.054,0.052,0.046,0.047,0.046,0.045,0.046,0.044,0.046,0.044
2:14:07,37.0,0.057,0.055,0.046,0.046,0.047,0.046,0.046,0.045,0.046,0.045,0.056,0.054,0.046,0.046,0.046,0.046,0.046,0.045,0.046,0.044,0.056,0.054,0.047,0.047,0.046,0.046,0.046,0.045,0.046,0.044,0.057,0.054,0.046,0.047,0.046,0.046,0.046,0.045,0.046,0.044,0.057,0.054,0.046,0.047,0.047,0.046,0.046,0.045,0.046,0.044,0.057,0.054,0.047,0.048,0.047,0.046,0.046,0.045,0.046,0.044,0.057,0.054,0.046,0.048,0.047,0.045,0.046,0.045,0.046,0.044,0.057,0.054,0.046,0.048,0.046,0.046,0.046,0.044,0.046,0.044
2:29:07,37.1,0.061,0.058,0.046,0.048,0.047,0.046,0.046,0.046,0.046,0.045,0.059,0.057,0.046,0.048,0.046,0.047,0.047,0.046,0.046,0.045,0.059,0.057,0.047,0.048,0.047,0.047,0.046,0.046,0.046,0.045,0.060,0.057,0.047,0.049,0.047,0.047,0.047,0.046,0.046,0.045,0.060,0.057,0.047,0.049,0.047,0.046,0.046,0.045,0.046,0.045,0.060,0.058,0.047,0.049,0.047,0.046,0.047,0.045,0.046,0.045,0.060,0.057,0.047,0.048,0.047,0.046,0.046,0.045,0.046,0.045,0.060,0.057,0.047,0.049,0.047,0.046,0.047,0.045,0.046,0.044
2:44:07,37.0,0.064,0.061,0.047,0.048,0.047,0.048,0.046,0.046,0.046,0.045,0.063,0.060,0.046,0.048,0.047,0.048,0.047,0.046,0.046,0.045,0.063,0.060,0.047,0.049,0.047,0.047,0.046,0.046,0.046,0.045,0.063,0.060,0.047,0.049,0.047,0.047,0.047,0.046,0.046,0.045,0.063,0.060,0.047,0.050,0.047,0.047,0.046,0.046,0.046,0.045,0.064,0.060,0.047,0.050,0.047,0.047,0.047,0.045,0.046,0.045,0.063,0.060,0.047,0.050,0.047,0.046,0.046,0.045,0.046,0.045,0.064,0.060,0.047,0.050,0.047,0.046,0.047,0.045,0.046,0.045
2:59:07,37.1,0.066,0.064,0.047,0.050,0.047,0.048,0.046,0.047,0.046,0.046,0.067,0.064,0.047,0.050,0.047,0.049,0.047,0.047,0.046,0.045,0.067,0.064,0.048,0.050,0.047,0.048,0.047,0.047,0.046,0.046,0.068,0.065,0.047,0.051,0.047,0.049,0.047,0.047,0.046,0.045,0.067,0.065,0.047,0.051,0.047,0.048,0.046,0.046,0.046,0.045,0.068,0.064,0.047,0.051,0.047,0.048,0.047,0.046,0.047,0.045,0.067,0.064,0.048,0.051,0.047,0.047,0.047,0.045,0.046,0.045,0.067,0.064,0.047,0.051,0.047,0.047,0.047,0.045,0.047,0.045
3:14:07,37.1,0.071,0.070,0.047,0.051,0.048,0.050,0.046,0.048,0.047,0.046,0.071,0.069,0.047,0.051,0.047,0.050,0.047,0.048,0.046,0.046,0.071,0.069,0.048,0.051,0.047,0.049,0.047,0.048,0.046,0.046,0.073,0.070,0.048,0.052,0.047,0.049,0.047,0.048,0.047,0.046,0.072,0.069,0.048,0.053,0.048,0.049,0.047,0.047,0.046,0.045,0.073,0.069,0.048,0.053,0.047,0.048,0.047,0.046,0.047,0.045,0.072,0.068,0.048,0.052,0.047,0.048,0.047,0.046,0.046,0.045,0.072,0.068,0.048,0.053,0.047,0.048,0.047,0.046,0.047,0.045
3:29:07,37.1,0.075,0.076,0.048,0.052,0.048,0.051,0.046,0.049,0.047,0.047,0.077,0.074,0.047,0.052,0.048,0.051,0.047,0.049,0.047,0.046,0.078,0.075,0.048,0.052,0.047,0.051,0.047,0.048,0.046,0.046,0.079,0.075,0.048,0.053,0.048,0.050,0.047,0.048,0.046,0.046,0.079,0.075,0.048,0.054,0.048,0.050,0.047,0.048,0.046,0.046,0.078,0.075,0.048,0.055,0.048,0.049,0.047,0.047,0.046,0.045,0.078,0.074,0.048,0.054,0.048,0.049,0.047,0.046,0.046,0.045,0.079,0.073,0.048,0.055,0.048,0.049,0.047,0.046,0.047,0.045
3:44:07,37.1,0.086,0.083,0.048,0.053,0.049,0.052,0.047,0.050,0.047,0.047,0.085,0.081,0.048,0.054,0.048,0.052,0.047,0.050,0.047,0.047,0.085,0.082,0.049,0.054,0.048,0.052,0.047,0.050,0.047,0.047,0.085,0.082,0.049,0.055,0.048,0.052,0.048,0.050,0.047,0.047,0.086,0.081,0.049,0.056,0.048,0.051,0.047,0.048,0.047,0.046,0.086,0.081,0.049,0.057,0.048,0.050,0.047,0.047,0.047,0.046,0.084,0.081,0.049,0.056,0.048,0.049,0.047,0.047,0.047,0.046,0.085,0.080,0.049,0.057,0.048,0.050,0.047,0.047,0.047,0.046
3:59:07,37.1,0.094,0.092,0.048,0.054,0.049,0.054,0.047,0.051,0.047,0.048,0.092,0.088,0.048,0.055,0.048,0.053,0.048,0.051,0.047,0.047,0.093,0.090,0.049,0.055,0.048,0.053,0.047,0.050,0.047,0.048,0.093,0.089,0.049,0.057,0.048,0.053,0.048,0.050,0.047,0.047,0.093,0.089,0.049,0.058,0.048,0.052,0.047,0.049,0.047,0.047,0.093,0.088,0.049,0.058,0.048,0.051,0.047,0.048,0.047,0.046,0.092,0.088,0.049,0.058,0.048,0.050,0.047,0.047,0.047,0.046,0.092,0.087,0.049,0.059,0.048,0.050,0.047,0.048,0.047,0.046
4:14:07,37.1,0.103,0.101,0.049,0.056,0.050,0.055,0.048,0.052,0.048,0.049,0.102,0.096,0.049,0.057,0.049,0.055,0.048,0.052,0.047,0.049,0.103,0.097,0.050,0.057,0.048,0.054,0.048,0.051,0.047,0.048,0.102,0.098,0.049,0.059,0.048,0.054,0.048,0.051,0.047,0.048,0.102,0.097,0.050,0.060,0.049,0.053,0.047,0.050,0.047,0.048,0.102,0.096,0.050,0.061,0.049,0.052,0.048,0.049,0.047,0.047,0.101,0.096,0.050,0.060,0.048,0.051,0.048,0.048,0.047,0.047,0.102,0.095,0.050,0.061,0.048,0.051,0.048,0.048,0.047,0.047
4:29:07,37.1,0.114,0.109,0.049,0.057,0.050,0.056,0.048,0.053,0.048,0.049,0.113,0.105,0.049,0.059,0.050,0.057,0.048,0.053,0.048,0.049,0.113,0.107,0.051,0.059,0.049,0.056,0.048,0.053,0.047,0.049,0.112,0.108,0.050,0.061,0.049,0.055,0.048,0.052,0.048,0.048,0.112,0.107,0.050,0.063,0.049,0.054,0.047,0.051,0.047,0.048,0.113,0.106,0.050,0.064,0.049,0.053,0.048,0.049,0.048,0.047,0.110,0.105,0.051,0.063,0.049,0.052,0.048,0.049,0.048,0.047,0.111,0.104,0.051,0.063,0.049,0.052,0.048,0.049,0.047,0.047
4:44:07,37.0,0.125,0.121,0.050,0.060,0.050,0.058,0.048,0.054,0.048,0.049,0.123,0.115,0.050,0.061,0.050,0.058,0.049,0.054,0.048,0.050,0.124,0.118,0.051,0.062,0.049,0.058,0.048,0.054,0.048,0.050,0.124,0.118,0.051,0.064,0.049,0.057,0.048,0.053,0.048,0.049,0.124,0.118,0.051,0.066,0.049,0.055,0.048,0.051,0.048,0.049,0.124,0.117,0.051,0.067,0.050,0.054,0.048,0.050,0.048,0.048,0.121,0.115,0.051,0.067,0.050,0.053,0.048,0.049,0.048,0.047,0.122,0.114,0.052,0.066,0.049,0.053,0.048,0.049,0.048,0.047
4:59:07,37.0,0.137,0.132,0.050,0.061,0.050,0.060,0.049,0.055,0.048,0.050,0.137,0.128,0.050,0.063,0.050,0.060,0.049,0.056,0.048,0.051,0.137,0.130,0.052,0.064,0.050,0.059,0.048,0.055,0.048,0.050,0.136,0.131,0.051,0.067,0.050,0.059,0.049,0.054,0.048,0.050,0.137,0.130,0.051,0.068,0.050,0.057,0.048,0.052,0.048,0.049,0.136,0.129,0.052,0.070,0.050,0.056,0.048,0.051,0.048,0.048,0.134,0.128,0.052,0.070,0.049,0.054,0.048,0.050,0.048,0.048,0.134,0.126,0.052,0.069,0.049,0.054,0.048,0.050,0.048,0.048
5:14:07,37.0,0.151,0.145,0.051,0.063,0.051,0.062,0.049,0.057,0.048,0.051,0.150,0.142,0.051,0.065,0.051,0.062,0.049,0.057,0.048,0.051,0.151,0.145,0.053,0.067,0.050,0.062,0.049,0.056,0.048,0.051,0.151,0.144,0.052,0.070,0.050,0.061,0.049,0.055,0.048,0.050,0.150,0.145,0.052,0.072,0.050,0.058,0.048,0.054,0.048,0.050,0.150,0.143,0.052,0.073,0.050,0.057,0.049,0.051,0.048,0.049,0.147,0.141,0.053,0.074,0.050,0.056,0.048,0.050,0.048,0.049,0.149,0.138,0.053,0.073,0.050,0.055,0.048,0.051,0.048,0.048
5:29:07,37.0,0.167,0.160,0.053,0.067,0.052,0.065,0.049,0.058,0.049,0.052,0.165,0.158,0.051,0.068,0.051,0.065,0.049,0.059,0.048,0.052,0.167,0.161,0.053,0.070,0.051,0.063,0.049,0.058,0.048,0.052,0.167,0.161,0.053,0.073,0.051,0.062,0.049,0.057,0.048,0.051,0.166,0.160,0.053,0.075,0.051,0.060,0.048,0.055,0.048,0.050,0.166,0.159,0.053,0.077,0.050,0.058,0.049,0.052,0.048,0.049,0.163,0.155,0.054,0.078,0.050,0.057,0.049,0.051,0.048,0.049,0.164,0.153,0.053,0.076,0.050,0.056,0.049,0.051,0.048,0.049
5:44:07,37.0,0.184,0.176,0.054,0.069,0.052,0.067,0.050,0.060,0.049,0.053,0.182,0.175,0.052,0.072,0.051,0.068,0.050,0.060,0.048,0.053,0.185,0.178,0.054,0.073,0.051,0.066,0.049,0.059,0.048,0.053,0.185,0.179,0.054,0.077,0.051,0.065,0.050,0.058,0.049,0.052,0.185,0.177,0.053,0.079,0.051,0.061,0.049,0.056,0.048,0.051,0.184,0.176,0.054,0.081,0.051,0.060,0.049,0.053,0.048,0.050,0.181,0.174,0.055,0.081,0.054,0.059,0.049,0.052,0.049,0.050,0.181,0.170,0.054,0.080,0.050,0.058,0.049,0.052,0.048,0.050
5:59:07,37.0,0.201,0.193,0.055,0.072,0.053,0.070,0.050,0.062,0.049,0.053,0.201,0.193,0.052,0.075,0.052,0.071,0.050,0.062,0.048,0.053,0.204,0.197,0.055,0.076,0.052,0.069,0.050,0.061,0.049,0.054,0.205,0.197,0.055,0.081,0.052,0.067,0.050,0.059,0.049,0.052,0.204,0.197,0.054,0.083,0.051,0.064,0.049,0.057,0.049,0.052,0.204,0.194,0.055,0.085,0.052,0.062,0.049,0.054,0.049,0.050,0.200,0.192,0.056,0.085,0.051,0.060,0.049,0.052,0.049,0.050,0.201,0.191,0.055,0.087,0.050,0.059,0.049,0.052,0.049,0.050
6:14:07,37.0,0.220,0.217,0.055,0.075,0.054,0.072,0.051,0.064,0.049,0.054,0.222,0.212,0.053,0.078,0.053,0.073,0.051,0.064,0.048,0.054,0.225,0.217,0.056,0.081,0.053,0.072,0.050,0.063,0.049,0.054,0.226,0.217,0.055,0.085,0.053,0.070,0.051,0.061,0.049,0.053,0.225,0.217,0.055,0.087,0.052,0.066,0.050,0.058,0.049,0.052,0.225,0.213,0.056,0.089,0.052,0.064,0.050,0.055,0.049,0.051,0.220,0.211,0.056,0.090,0.051,0.061,0.049,0.053,0.049,0.050,0.226,0.212,0.056,0.088,0.051,0.060,0.050,0.053,0.049,0.051
6:29:07,37.1,0.242,0.240,0.053,0.078,0.054,0.075,0.051,0.064,0.049,0.055,0.245,0.233,0.054,0.081,0.053,0.076,0.051,0.066,0.049,0.055,0.246,0.238,0.057,0.084,0.053,0.075,0.050,0.064,0.049,0.055,0.248,0.239,0.056,0.089,0.053,0.073,0.050,0.063,0.049,0.054,0.246,0.238,0.056,0.092,0.052,0.069,0.050,0.059,0.049,0.053,0.246,0.234,0.057,0.094,0.052,0.066,0.050,0.056,0.049,0.051,0.243,0.232,0.057,0.094,0.051,0.063,0.049,0.054,0.049,0.051,0.248,0.233,0.057,0.092,0.051,0.062,0.050,0.053,0.049,0.051
6:44:07,37.0,0.260,0.270,0.054,0.080,0.054,0.078,0.051,0.067,0.050,0.055,0.271,0.255,0.054,0.085,0.055,0.080,0.051,0.067,0.049,0.056,0.269,0.261,0.058,0.088,0.054,0.078,0.050,0.066,0.049,0.056,0.269,0.262,0.057,0.094,0.054,0.076,0.051,0.064,0.049,0.055,0.268,0.261,0.057,0.097,0.053,0.071,0.050,0.061,0.049,0.053,0.266,0.257,0.058,0.099,0.053,0.068,0.050,0.057,0.050,0.052,0.266,0.253,0.058,0.099,0.052,0.065,0.050,0.054,0.049,0.052,0.272,0.253,0.058,0.099,0.051,0.063,0.050,0.054,0.049,0.051
6:59:07,37.0,0.284,0.287,0.054,0.084,0.056,0.082,0.052,0.069,0.050,0.057,0.291,0.278,0.056,0.090,0.055,0.083,0.052,0.069,0.049,0.057,0.290,0.284,0.059,0.093,0.055,0.082,0.051,0.069,0.050,0.057,0.291,0.285,0.058,0.099,0.054,0.079,0.051,0.066,0.050,0.056,0.291,0.284,0.059,0.102,0.054,0.074,0.051,0.062,0.049,0.054,0.287,0.280,0.059,0.105,0.053,0.070,0.050,0.058,0.050,0.053,0.288,0.275,0.059,0.105,0.052,0.067,0.050,0.055,0.049,0.052,0.290,0.273,0.059,0.104,0.052,0.065,0.050,0.055,0.049,0.052
7:14:07,37.0,0.306,0.307,0.057,0.088,0.056,0.085,0.053,0.071,0.050,0.057,0.312,0.300,0.057,0.094,0.056,0.087,0.052,0.072,0.050,0.057,0.312,0.307,0.060,0.097,0.055,0.085,0.051,0.071,0.050,0.058,0.314,0.309,0.059,0.104,0.055,0.081,0.051,0.068,0.050,0.057,0.313,0.308,0.060,0.107,0.054,0.076,0.051,0.064,0.050,0.055,0.309,0.303,0.060,0.111,0.054,0.073,0.050,0.059,0.050,0.053,0.308,0.299,0.060,0.111,0.053,0.069,0.051,0.056,0.050,0.053,0.310,0.294,0.060,0.110,0.052,0.067,0.051,0.056,0.050,0.052
7:29:07,37.1,0.328,0.335,0.056,0.092,0.057,0.088,0.053,0.073,0.050,0.057,0.332,0.323,0.057,0.099,0.057,0.090,0.053,0.074,0.050,0.058,0.334,0.330,0.061,0.102,0.056,0.089,0.052,0.073,0.050,0.059,0.337,0.332,0.060,0.110,0.056,0.085,0.052,0.070,0.050,0.057,0.339,0.330,0.061,0.114,0.055,0.079,0.051,0.065,0.050,0.055,0.333,0.327,0.061,0.118,0.055,0.075,0.051,0.060,0.050,0.053,0.330,0.321,0.061,0.117,0.054,0.071,0.050,0.057,0.050,0.054,0.330,0.314,0.061,0.116,0.052,0.069,0.051,0.057,0.050,0.053
7:44:07,37.1,0.345,0.354,0.058,0.095,0.057,0.091,0.053,0.077,0.051,0.058,0.352,0.345,0.058,0.103,0.056,0.095,0.054,0.079,0.051,0.059,0.353,0.351,0.062,0.107,0.057,0.092,0.052,0.076,0.050,0.060,0.359,0.353,0.062,0.116,0.057,0.089,0.053,0.073,0.051,0.058,0.359,0.351,0.062,0.121,0.056,0.082,0.052,0.067,0.050,0.056,0.355,0.348,0.063,0.125,0.055,0.077,0.051,0.061,0.050,0.054,0.351,0.342,0.062,0.125,0.054,0.073,0.051,0.058,0.050,0.054,0.351,0.333,0.062,0.128,0.053,0.071,0.051,0.058,0.050,0.053
7:59:07,37.1,0.358,0.372,0.058,0.099,0.057,0.095,0.053,0.077,0.051,0.059,0.373,0.366,0.059,0.109,0.059,0.099,0.054,0.081,0.051,0.060,0.374,0.372,0.063,0.113,0.058,0.097,0.053,0.079,0.051,0.061,0.379,0.373,0.063,0.124,0.057,0.093,0.053,0.075,0.051,0.059,0.379,0.373,0.064,0.129,0.056,0.086,0.052,0.068,0.051,0.057,0.376,0.368,0.064,0.133,0.056,0.080,0.051,0.062,0.051,0.055,0.371,0.360,0.064,0.132,0.055,0.075,0.051,0.059,0.051,0.055,0.369,0.353,0.064,0.133,0.053,0.073,0.051,0.059,0.050,0.053
8:14:07,37.0,0.395,0.398,0.060,0.103,0.058,0.100,0.054,0.081,0.051,0.060,0.394,0.386,0.060,0.114,0.058,0.104,0.054,0.082,0.051,0.061,0.397,0.391,0.064,0.119,0.058,0.102,0.054,0.082,0.051,0.062,0.400,0.393,0.064,0.131,0.058,0.097,0.053,0.077,0.051,0.060,0.400,0.392,0.066,0.138,0.057,0.088,0.052,0.070,0.050,0.058,0.398,0.389,0.064,0.142,0.057,0.082,0.052,0.063,0.051,0.055,0.391,0.382,0.064,0.141,0.056,0.077,0.052,0.059,0.051,0.055,0.391,0.373,0.065,0.140,0.054,0.076,0.051,0.059,0.051,0.054
8:29:07,37.1,0.414,0.423,0.060,0.108,0.059,0.103,0.054,0.083,0.051,0.061,0.418,0.405,0.061,0.120,0.059,0.109,0.055,0.086,0.051,0.062,0.419,0.410,0.064,0.127,0.060,0.108,0.054,0.085,0.051,0.063,0.417,0.411,0.066,0.140,0.059,0.101,0.054,0.079,0.051,0.061,0.420,0.410,0.066,0.148,0.058,0.092,0.053,0.073,0.051,0.059,0.417,0.407,0.066,0.151,0.058,0.085,0.052,0.064,0.051,0.056,0.409,0.400,0.067,0.151,0.056,0.080,0.052,0.061,0.051,0.056,0.410,0.393,0.066,0.149,0.055,0.077,0.052,0.060,0.051,0.054
8:44:07,37.0,0.428,0.445,0.061,0.117,0.061,0.109,0.054,0.086,0.051,0.063,0.440,0.422,0.062,0.127,0.060,0.115,0.056,0.089,0.052,0.064,0.437,0.439,0.067,0.135,0.061,0.113,0.055,0.088,0.051,0.065,0.435,0.429,0.067,0.149,0.060,0.106,0.054,0.081,0.052,0.062,0.439,0.430,0.068,0.158,0.059,0.096,0.053,0.075,0.051,0.060,0.436,0.424,0.067,0.162,0.059,0.088,0.053,0.066,0.051,0.057,0.430,0.418,0.069,0.162,0.057,0.083,0.052,0.062,0.051,0.056,0.432,0.416,0.067,0.158,0.055,0.080,0.053,0.060,0.051,0.055
8:59:07,37.1,0.443,0.459,0.063,0.124,0.060,0.114,0.055,0.087,0.052,0.064,0.463,0.440,0.063,0.134,0.061,0.120,0.056,0.093,0.052,0.064,0.457,0.448,0.068,0.143,0.061,0.118,0.055,0.091,0.052,0.065,0.453,0.446,0.069,0.160,0.061,0.111,0.055,0.085,0.052,0.063,0.457,0.446,0.069,0.169,0.060,0.099,0.054,0.077,0.052,0.060,0.452,0.442,0.068,0.174,0.059,0.091,0.053,0.067,0.052,0.058,0.448,0.435,0.070,0.174,0.058,0.086,0.052,0.062,0.052,0.057,0.445,0.432,0.068,0.168,0.056,0.082,0.052,0.060,0.051,0.055
9:14:07,37.0,0.459,0.476,0.062,0.133,0.061,0.126,0.055,0.089,0.052,0.065,0.476,0.456,0.065,0.141,0.062,0.127,0.057,0.098,0.053,0.063,0.466,0.459,0.068,0.152,0.063,0.124,0.056,0.094,0.052,0.067,0.468,0.475,0.070,0.171,0.063,0.115,0.056,0.088,0.052,0.063,0.470,0.462,0.069,0.182,0.060,0.103,0.054,0.079,0.052,0.061,0.466,0.457,0.069,0.187,0.059,0.095,0.053,0.067,0.052,0.059,0.462,0.449,0.071,0.190,0.058,0.088,0.053,0.063,0.052,0.057,0.456,0.444,0.070,0.179,0.056,0.084,0.052,0.061,0.051,0.055
9:29:07,37.0,0.468,0.490,0.061,0.138,0.061,0.132,0.056,0.094,0.052,0.064,0.479,0.469,0.065,0.150,0.063,0.135,0.058,0.100,0.053,0.068,0.478,0.485,0.070,0.162,0.063,0.131,0.057,0.097,0.052,0.068,0.482,0.474,0.071,0.183,0.064,0.122,0.056,0.090,0.053,0.064,0.483,0.487,0.070,0.195,0.061,0.108,0.054,0.080,0.052,0.061,0.478,0.472,0.071,0.202,0.060,0.099,0.053,0.070,0.052,0.060,0.474,0.464,0.072,0.203,0.059,0.091,0.053,0.064,0.052,0.058,0.465,0.452,0.072,0.191,0.057,0.088,0.053,0.062,0.052,0.056
9:44:07,37.0,0.476,0.501,0.064,0.147,0.061,0.136,0.056,0.102,0.053,0.065,0.487,0.478,0.065,0.159,0.064,0.140,0.058,0.104,0.053,0.068,0.487,0.485,0.071,0.173,0.064,0.137,0.057,0.100,0.052,0.068,0.491,0.486,0.072,0.197,0.065,0.127,0.056,0.093,0.053,0.065,0.492,0.487,0.072,0.210,0.062,0.113,0.054,0.081,0.052,0.062,0.490,0.483,0.073,0.216,0.061,0.102,0.053,0.071,0.052,0.060,0.485,0.477,0.074,0.217,0.059,0.093,0.053,0.066,0.052,0.058,0.472,0.460,0.073,0.203,0.057,0.091,0.053,0.063,0.052,0.056
9:59:07,37.0,0.480,0.513,0.064,0.154,0.062,0.144,0.057,0.103,0.053,0.068,0.498,0.491,0.066,0.171,0.066,0.148,0.059,0.109,0.053,0.068,0.500,0.498,0.073,0.185,0.065,0.146,0.058,0.104,0.053,0.069,0.504,0.500,0.072,0.211,0.065,0.134,0.057,0.096,0.053,0.067,0.503,0.500,0.074,0.226,0.063,0.118,0.055,0.083,0.053,0.063,0.502,0.493,0.074,0.233,0.061,0.106,0.054,0.072,0.052,0.061,0.496,0.486,0.075,0.233,0.060,0.096,0.053,0.067,0.052,0.059,0.480,0.467,0.078,0.216,0.058,0.093,0.053,0.064,0.052,0.057
10:14:07,37.1,0.492,0.506,0.065,0.162,0.062,0.152,0.057,0.108,0.053,0.069,0.506,0.499,0.068,0.182,0.067,0.158,0.059,0.111,0.054,0.070,0.507,0.507,0.074,0.198,0.066,0.155,0.058,0.108,0.053,0.071,0.513,0.510,0.074,0.227,0.067,0.142,0.058,0.099,0.053,0.068,0.514,0.509,0.075,0.242,0.064,0.124,0.055,0.085,0.053,0.064,0.510,0.502,0.076,0.249,0.062,0.111,0.054,0.073,0.053,0.062,0.503,0.495,0.079,0.249,0.060,0.100,0.054,0.068,0.053,0.059,0.487,0.474,0.078,0.231,0.058,0.096,0.053,0.065,0.052,0.057
10:29:07,37.0,0.492,0.517,0.065,0.173,0.064,0.161,0.058,0.112,0.054,0.067,0.514,0.508,0.069,0.194,0.067,0.168,0.060,0.115,0.054,0.071,0.516,0.519,0.076,0.213,0.067,0.165,0.059,0.112,0.053,0.071,0.521,0.522,0.075,0.244,0.067,0.151,0.058,0.102,0.054,0.069,0.523,0.520,0.077,0.260,0.065,0.130,0.056,0.088,0.054,0.065,0.519,0.514,0.078,0.267,0.063,0.115,0.054,0.073,0.053,0.062,0.511,0.506,0.080,0.266,0.061,0.103,0.054,0.069,0.053,0.060,0.496,0.480,0.079,0.244,0.061,0.099,0.054,0.066,0.052,0.058
10:44:07,37.0,0.499,0.528,0.071,0.183,0.065,0.169,0.057,0.116,0.054,0.068,0.524,0.522,0.071,0.207,0.068,0.178,0.061,0.120,0.054,0.075,0.527,0.532,0.078,0.229,0.067,0.175,0.059,0.115,0.054,0.073,0.531,0.535,0.077,0.261,0.069,0.159,0.059,0.106,0.054,0.070,0.533,0.533,0.080,0.278,0.066,0.137,0.056,0.090,0.054,0.066,0.530,0.527,0.080,0.284,0.063,0.120,0.055,0.075,0.053,0.062,0.521,0.517,0.081,0.284,0.062,0.107,0.054,0.069,0.053,0.061,0.502,0.488,0.082,0.260,0.061,0.101,0.054,0.067,0.053,0.058
10:59:07,37.1,0.505,0.538,0.075,0.194,0.064,0.179,0.058,0.120,0.054,0.072,0.535,0.531,0.072,0.220,0.068,0.190,0.061,0.125,0.054,0.076,0.538,0.545,0.078,0.245,0.069,0.186,0.060,0.121,0.054,0.076,0.544,0.545,0.077,0.278,0.069,0.168,0.059,0.109,0.054,0.071,0.545,0.543,0.080,0.296,0.067,0.144,0.056,0.094,0.054,0.067,0.541,0.535,0.081,0.302,0.065,0.126,0.056,0.077,0.053,0.063,0.532,0.523,0.084,0.300,0.063,0.111,0.054,0.070,0.053,0.061,0.509,0.496,0.083,0.276,0.062,0.104,0.054,0.067,0.053,0.059
11:14:07,37.0,0.513,0.548,0.063,0.205,0.064,0.190,0.060,0.123,0.055,0.070,0.542,0.539,0.075,0.235,0.069,0.202,0.060,0.133,0.055,0.075,0.546,0.551,0.082,0.262,0.069,0.198,0.060,0.127,0.054,0.078,0.553,0.554,0.079,0.295,0.070,0.178,0.060,0.113,0.054,0.071,0.552,0.553,0.082,0.313,0.067,0.152,0.057,0.096,0.054,0.068,0.548,0.545,0.083,0.323,0.065,0.131,0.056,0.079,0.053,0.063,0.539,0.533,0.085,0.317,0.064,0.115,0.054,0.071,0.053,0.061,0.515,0.501,0.082,0.291,0.062,0.107,0.054,0.068,0.053,0.059
11:29:07,37.0,0.524,0.560,0.070,0.214,0.065,0.200,0.060,0.127,0.055,0.070,0.549,0.549,0.073,0.252,0.071,0.216,0.062,0.138,0.056,0.077,0.555,0.563,0.084,0.277,0.070,0.211,0.061,0.132,0.055,0.078,0.561,0.567,0.082,0.314,0.072,0.189,0.060,0.118,0.055,0.073,0.561,0.565,0.083,0.329,0.069,0.160,0.057,0.099,0.054,0.067,0.558,0.557,0.083,0.337,0.066,0.136,0.056,0.080,0.053,0.064,0.547,0.545,0.087,0.330,0.064,0.122,0.055,0.072,0.053,0.061,0.521,0.506,0.084,0.312,0.063,0.110,0.055,0.069,0.053,0.060
11:44:07,37.0,0.530,0.566,0.073,0.226,0.066,0.211,0.061,0.134,0.055,0.072,0.561,0.559,0.074,0.267,0.071,0.231,0.063,0.146,0.055,0.080,0.567,0.572,0.085,0.294,0.071,0.224,0.062,0.138,0.055,0.079,0.571,0.577,0.083,0.328,0.071,0.202,0.060,0.122,0.055,0.074,0.572,0.576,0.084,0.343,0.069,0.169,0.057,0.102,0.054,0.068,0.569,0.565,0.084,0.350,0.067,0.144,0.056,0.081,0.054,0.064,0.558,0.552,0.088,0.346,0.065,0.130,0.055,0.073,0.054,0.061,0.526,0.514,0.088,0.325,0.063,0.114,0.055,0.070,0.053,0.060
11:59:07,37.0,0.534,0.571,0.073,0.237,0.067,0.223,0.061,0.139,0.055,0.071,0.565,0.565,0.075,0.282,0.069,0.244,0.063,0.154,0.056,0.078,0.573,0.578,0.084,0.310,0.072,0.238,0.062,0.144,0.056,0.080,0.581,0.582,0.084,0.342,0.072,0.214,0.061,0.126,0.055,0.075,0.580,0.581,0.085,0.357,0.069,0.179,0.058,0.105,0.055,0.069,0.577,0.572,0.085,0.365,0.068,0.151,0.057,0.083,0.054,0.065,0.564,0.560,0.089,0.359,0.065,0.133,0.056,0.074,0.054,0.062,0.531,0.519,0.091,0.342,0.063,0.118,0.055,0.071,0.053,0.060
12:14:07,37.0,0.538,0.579,0.074,0.250,0.068,0.235,0.063,0.143,0.055,0.071,0.571,0.572,0.075,0.299,0.073,0.260,0.064,0.158,0.057,0.076,0.579,0.587,0.087,0.327,0.072,0.255,0.062,0.149,0.056,0.081,0.587,0.590,0.085,0.355,0.072,0.228,0.062,0.132,0.056,0.076,0.586,0.590,0.088,0.371,0.070,0.190,0.058,0.107,0.055,0.071,0.582,0.581,0.087,0.380,0.068,0.160,0.057,0.084,0.054,0.066,0.569,0.567,0.090,0.371,0.066,0.139,0.056,0.074,0.054,0.062,0.536,0.523,0.089,0.339,0.064,0.122,0.055,0.072,0.054,0.061
12:29:07,37.0,0.542,0.585,0.068,0.270,0.071,0.249,0.063,0.150,0.056,0.071,0.579,0.581,0.077,0.312,0.074,0.273,0.065,0.166,0.057,0.078,0.588,0.596,0.086,0.339,0.074,0.270,0.063,0.160,0.056,0.083,0.594,0.601,0.088,0.370,0.074,0.242,0.062,0.135,0.056,0.076,0.594,0.599,0.090,0.383,0.071,0.201,0.059,0.110,0.055,0.071,0.590,0.590,0.089,0.389,0.069,0.168,0.057,0.085,0.054,0.066,0.577,0.576,0.093,0.382,0.067,0.144,0.056,0.075,0.054,0.062,0.540,0.525,0.091,0.349,0.064,0.127,0.055,0.073,0.054,0.061
12:44:07,37.0,0.545,0.589,0.068,0.290,0.067,0.274,0.062,0.157,0.056,0.074,0.586,0.588,0.076,0.332,0.073,0.289,0.066,0.174,0.058,0.084,0.596,0.603,0.087,0.353,0.075,0.287,0.064,0.168,0.057,0.085,0.602,0.608,0.092,0.383,0.074,0.257,0.062,0.142,0.056,0.079,0.602,0.605,0.091,0.396,0.072,0.212,0.059,0.113,0.056,0.073,0.599,0.596,0.091,0.401,0.070,0.176,0.058,0.087,0.054,0.067,0.585,0.581,0.095,0.393,0.067,0.150,0.056,0.077,0.055,0.063,0.543,0.530,0.091,0.359,0.065,0.131,0.056,0.073,0.054,0.062
12:59:07,37.1,0.547,0.595,0.069,0.290,0.069,0.278,0.063,0.168,0.057,0.075,0.591,0.592,0.077,0.344,0.071,0.304,0.066,0.186,0.058,0.081,0.600,0.608,0.088,0.367,0.077,0.304,0.064,0.174,0.057,0.086,0.610,0.612,0.091,0.395,0.076,0.274,0.063,0.149,0.056,0.079,0.608,0.612,0.092,0.407,0.072,0.226,0.060,0.117,0.055,0.072,0.604,0.601,0.092,0.412,0.071,0.186,0.058,0.089,0.055,0.067,0.593,0.586,0.097,0.403,0.067,0.157,0.056,0.078,0.055,0.064,0.547,0.535,0.093,0.365,0.065,0.134,0.056,0.073,0.054,0.062
13:14:07,37.0,0.549,0.601,0.069,0.308,0.071,0.291,0.063,0.172,0.056,0.075,0.595,0.598,0.079,0.352,0.072,0.317,0.067,0.191,0.058,0.082,0.605,0.615,0.093,0.378,0.075,0.317,0.065,0.186,0.057,0.085,0.614,0.619,0.091,0.407,0.077,0.292,0.063,0.155,0.057,0.079,0.613,0.618,0.093,0.419,0.072,0.239,0.060,0.120,0.056,0.072,0.609,0.609,0.093,0.424,0.071,0.196,0.058,0.091,0.055,0.068,0.595,0.594,0.098,0.414,0.067,0.163,0.057,0.079,0.055,0.063,0.551,0.538,0.095,0.372,0.065,0.141,0.056,0.074,0.055,0.063
13:29:07,37.0,0.550,0.603,0.071,0.318,0.072,0.304,0.064,0.183,0.057,0.077,0.602,0.605,0.082,0.365,0.077,0.333,0.066,0.201,0.058,0.083,0.612,0.622,0.094,0.391,0.077,0.331,0.066,0.194,0.057,0.085,0.621,0.626,0.091,0.418,0.078,0.307,0.064,0.163,0.057,0.078,0.620,0.625,0.095,0.432,0.073,0.256,0.060,0.125,0.056,0.073,0.617,0.617,0.096,0.435,0.073,0.206,0.059,0.093,0.055,0.068,0.601,0.600,0.101,0.425,0.068,0.171,0.057,0.080,0.055,0.064,0.554,0.541,0.094,0.385,0.067,0.147,0.057,0.076,0.055,0.062
13:44:07,37.0,0.549,0.606,0.070,0.331,0.072,0.316,0.064,0.190,0.056,0.077,0.608,0.610,0.082,0.377,0.077,0.353,0.066,0.214,0.058,0.087,0.618,0.626,0.092,0.401,0.074,0.352,0.065,0.204,0.057,0.085,0.627,0.631,0.091,0.431,0.077,0.321,0.064,0.169,0.058,0.079,0.627,0.630,0.096,0.443,0.074,0.272,0.061,0.130,0.056,0.073,0.625,0.620,0.098,0.444,0.073,0.217,0.059,0.094,0.056,0.068,0.607,0.604,0.099,0.436,0.068,0.179,0.057,0.080,0.055,0.065,0.554,0.544,0.091,0.387,0.067,0.152,0.057,0.077,0.055,0.063
13:59:07,37.0,0.549,0.609,0.070,0.340,0.070,0.336,0.065,0.201,0.057,0.078,0.613,0.613,0.087,0.387,0.077,0.358,0.066,0.226,0.058,0.088,0.623,0.630,0.097,0.413,0.079,0.363,0.065,0.218,0.058,0.088,0.631,0.636,0.093,0.441,0.081,0.335,0.065,0.177,0.058,0.079,0.631,0.635,0.097,0.454,0.075,0.289,0.061,0.133,0.057,0.074,0.630,0.625,0.100,0.460,0.074,0.229,0.059,0.095,0.056,0.068,0.610,0.608,0.101,0.446,0.069,0.187,0.058,0.080,0.055,0.066,0.555,0.546,0.096,0.394,0.067,0.158,0.057,0.079,0.056,0.064
14:14:07,37.0,0.551,0.613,0.073,0.349,0.070,0.336,0.065,0.219,0.058,0.079,0.617,0.617,0.087,0.398,0.079,0.370,0.068,0.239,0.058,0.085,0.624,0.638,0.094,0.424,0.079,0.370,0.066,0.231,0.058,0.088,0.635,0.642,0.097,0.452,0.081,0.349,0.065,0.187,0.058,0.080,0.634,0.641,0.100,0.464,0.076,0.303,0.061,0.138,0.057,0.074,0.629,0.631,0.102,0.470,0.075,0.244,0.059,0.097,0.057,0.069,0.612,0.613,0.103,0.456,0.069,0.196,0.058,0.081,0.055,0.066,0.556,0.547,0.103,0.402,0.067,0.163,0.057,0.079,0.056,0.064
14:29:07,37.0,0.550,0.614,0.074,0.359,0.070,0.345,0.064,0.235,0.058,0.079,0.615,0.624,0.089,0.409,0.075,0.385,0.070,0.252,0.058,0.086,0.628,0.640,0.098,0.434,0.079,0.382,0.066,0.248,0.058,0.091,0.639,0.646,0.102,0.461,0.082,0.362,0.065,0.197,0.058,0.081,0.639,0.645,0.102,0.473,0.077,0.316,0.062,0.142,0.058,0.075,0.635,0.635,0.105,0.479,0.075,0.261,0.059,0.098,0.057,0.070,0.617,0.616,0.102,0.465,0.070,0.206,0.058,0.083,0.056,0.066,0.557,0.547,0.107,0.410,0.068,0.167,0.057,0.080,0.056,0.064
14:44:07,37.1,0.548,0.616,0.072,0.359,0.074,0.353,0.064,0.238,0.058,0.080,0.618,0.626,0.088,0.418,0.079,0.393,0.070,0.266,0.059,0.084,0.631,0.646,0.092,0.445,0.083,0.393,0.068,0.262,0.059,0.089,0.643,0.649,0.103,0.472,0.081,0.374,0.065,0.210,0.059,0.080,0.643,0.648,0.101,0.484,0.078,0.330,0.062,0.148,0.058,0.077,0.639,0.638,0.103,0.487,0.076,0.277,0.059,0.099,0.057,0.070,0.620,0.618,0.105,0.474,0.072,0.218,0.058,0.084,0.056,0.066,0.556,0.548,0.108,0.415,0.068,0.174,0.057,0.081,0.056,0.064
14:59:07,37.0,0.546,0.618,0.071,0.369,0.077,0.362,0.065,0.259,0.058,0.083,0.620,0.628,0.081,0.430,0.076,0.402,0.069,0.284,0.059,0.086,0.634,0.648,0.098,0.455,0.081,0.405,0.069,0.275,0.059,0.094,0.646,0.654,0.103,0.481,0.080,0.385,0.066,0.223,0.059,0.081,0.646,0.652,0.102,0.492,0.078,0.344,0.062,0.153,0.058,0.076,0.641,0.642,0.102,0.496,0.076,0.288,0.060,0.103,0.057,0.071,0.622,0.622,0.107,0.482,0.072,0.232,0.058,0.085,0.056,0.067,0.556,0.546,0.104,0.423,0.069,0.183,0.057,0.081,0.056,0.065
15:14:07,37.1,0.544,0.619,0.074,0.378,0.080,0.370,0.066,0.267,0.058,0.081,0.622,0.629,0.087,0.440,0.083,0.414,0.071,0.301,0.059,0.085,0.637,0.648,0.098,0.465,0.082,0.415,0.069,0.287,0.059,0.093,0.649,0.657,0.104,0.490,0.084,0.402,0.067,0.240,0.059,0.083,0.649,0.656,0.101,0.502,0.080,0.357,0.062,0.159,0.058,0.077,0.645,0.645,0.112,0.503,0.076,0.302,0.060,0.106,0.057,0.071,0.623,0.625,0.111,0.491,0.072,0.248,0.058,0.085,0.056,0.068,0.555,0.545,0.104,0.432,0.068,0.194,0.058,0.080,0.057,0.065
15:29:07,37.0,0.543,0.619,0.077,0.387,0.080,0.378,0.066,0.279,0.058,0.083,0.626,0.631,0.089,0.448,0.084,0.425,0.069,0.315,0.059,0.095,0.640,0.651,0.103,0.474,0.084,0.426,0.070,0.302,0.060,0.094,0.652,0.659,0.105,0.499,0.084,0.407,0.067,0.253,0.059,0.083,0.652,0.658,0.103,0.509,0.080,0.369,0.062,0.167,0.058,0.078,0.647,0.648,0.112,0.513,0.076,0.316,0.060,0.106,0.057,0.071,0.626,0.627,0.112,0.498,0.073,0.264,0.058,0.086,0.056,0.068,0.554,0.544,0.103,0.437,0.069,0.203,0.057,0.081,0.057,0.066
15:44:07,37.0,0.542,0.620,0.074,0.397,0.080,0.386,0.064,0.283,0.058,0.086,0.627,0.633,0.092,0.457,0.082,0.437,0.071,0.326,0.059,0.095,0.642,0.654,0.103,0.483,0.083,0.436,0.070,0.318,0.060,0.098,0.654,0.662,0.111,0.507,0.085,0.418,0.067,0.265,0.059,0.084,0.653,0.661,0.112,0.518,0.082,0.380,0.063,0.175,0.058,0.079,0.649,0.650,0.112,0.520,0.076,0.329,0.061,0.109,0.057,0.072,0.627,0.628,0.115,0.505,0.075,0.271,0.058,0.089,0.056,0.069,0.551,0.542,0.107,0.438,0.069,0.205,0.058,0.082,0.056,0.066
15:59:07,37.0,0.538,0.619,0.073,0.408,0.080,0.396,0.064,0.291,0.058,0.085,0.628,0.635,0.091,0.466,0.080,0.445,0.072,0.340,0.059,0.097,0.645,0.657,0.105,0.491,0.084,0.446,0.070,0.330,0.060,0.097,0.655,0.664,0.107,0.515,0.085,0.427,0.067,0.278,0.059,0.085,0.655,0.663,0.115,0.525,0.081,0.393,0.063,0.185,0.058,0.080,0.651,0.653,0.114,0.527,0.078,0.342,0.061,0.109,0.057,0.071,0.628,0.630,0.116,0.514,0.073,0.280,0.058,0.089,0.056,0.069,0.548,0.541,0.113,0.442,0.069,0.206,0.058,0.081,0.056,0.067
16:14:07,37.1,0.536,0.619,0.075,0.415,0.075,0.407,0.067,0.300,0.059,0.085,0.629,0.636,0.094,0.473,0.079,0.454,0.073,0.355,0.060,0.097,0.646,0.659,0.105,0.499,0.084,0.456,0.071,0.343,0.060,0.100,0.657,0.667,0.106,0.523,0.086,0.438,0.069,0.291,0.059,0.086,0.657,0.665,0.113,0.533,0.082,0.402,0.064,0.198,0.058,0.081,0.652,0.654,0.115,0.536,0.078,0.354,0.062,0.112,0.057,0.072,0.628,0.631,0.118,0.519,0.073,0.293,0.059,0.090,0.057,0.069,0.545,0.539,0.115,0.448,0.069,0.215,0.059,0.081,0.056,0.065
16:29:07,37.1,0.534,0.618,0.076,0.422,0.076,0.422,0.066,0.309,0.059,0.086,0.629,0.637,0.094,0.481,0.085,0.462,0.073,0.362,0.059,0.099,0.646,0.660,0.107,0.507,0.086,0.465,0.071,0.355,0.060,0.102,0.658,0.668,0.107,0.530,0.088,0.448,0.068,0.307,0.059,0.086,0.658,0.667,0.111,0.541,0.082,0.412,0.064,0.212,0.059,0.081,0.653,0.657,0.116,0.541,0.079,0.366,0.061,0.115,0.057,0.073,0.629,0.632,0.117,0.525,0.074,0.304,0.059,0.091,0.057,0.069,0.542,0.537,0.130,0.451,0.069,0.217,0.059,0.084,0.056,0.066
16:44:07,37.0,0.530,0.617,0.075,0.429,0.075,0.430,0.066,0.319,0.059,0.088,0.630,0.638,0.095,0.488,0.085,0.470,0.071,0.372,0.060,0.096,0.647,0.662,0.109,0.514,0.086,0.473,0.071,0.371,0.060,0.105,0.659,0.670,0.109,0.537,0.087,0.457,0.069,0.319,0.059,0.089,0.659,0.668,0.114,0.547,0.083,0.422,0.065,0.226,0.059,0.080,0.654,0.658,0.114,0.548,0.079,0.377,0.062,0.113,0.057,0.072,0.629,0.633,0.119,0.533,0.075,0.315,0.059,0.091,0.057,0.069,0.539,0.534,0.133,0.456,0.071,0.224,0.060,0.084,0.056,0.066
16:59:07,37.0,0.526,0.616,0.075,0.432,0.073,0.434,0.068,0.324,0.060,0.087,0.630,0.638,0.091,0.498,0.088,0.477,0.071,0.382,0.059,0.100,0.648,0.663,0.104,0.521,0.087,0.481,0.072,0.382,0.060,0.107,0.660,0.671,0.109,0.544,0.086,0.466,0.069,0.332,0.059,0.090,0.659,0.670,0.120,0.561,0.084,0.432,0.065,0.239,0.059,0.083,0.655,0.658,0.119,0.555,0.079,0.387,0.062,0.117,0.057,0.072,0.628,0.633,0.120,0.536,0.075,0.325,0.059,0.093,0.057,0.070,0.535,0.532,0.125,0.457,0.072,0.228,0.060,0.084,0.056,0.066
17:14:07,37.0,0.524,0.614,0.085,0.437,0.073,0.425,0.067,0.331,0.059,0.087,0.630,0.639,0.098,0.504,0.089,0.485,0.070,0.395,0.061,0.102,0.648,0.664,0.102,0.530,0.085,0.489,0.072,0.390,0.061,0.108,0.660,0.672,0.116,0.550,0.087,0.474,0.070,0.347,0.060,0.094,0.659,0.671,0.113,0.567,0.083,0.441,0.065,0.245,0.059,0.083,0.654,0.660,0.122,0.560,0.080,0.397,0.062,0.121,0.058,0.073,0.628,0.634,0.123,0.540,0.075,0.340,0.060,0.093,0.058,0.070,0.531,0.528,0.120,0.465,0.072,0.233,0.060,0.085,0.057,0.067
17:29:07,37.1,0.521,0.612,0.078,0.440,0.078,0.431,0.068,0.339,0.059,0.086,0.629,0.640,0.098,0.515,0.087,0.492,0.071,0.404,0.061,0.106,0.648,0.665,0.099,0.537,0.087,0.497,0.072,0.401,0.060,0.110,0.660,0.673,0.115,0.557,0.088,0.482,0.071,0.360,0.060,0.092,0.660,0.672,0.120,0.574,0.085,0.450,0.065,0.257,0.059,0.084,0.654,0.659,0.118,0.569,0.081,0.408,0.063,0.124,0.058,0.072,0.627,0.634,0.125,0.546,0.075,0.348,0.060,0.094,0.058,0.071,0.527,0.524,0.120,0.458,0.071,0.243,0.060,0.086,0.057,0.067
17:44:07,37.1,0.516,0.609,0.076,0.441,0.078,0.434,0.069,0.347,0.059,0.088,0.628,0.639,0.098,0.523,0.083,0.499,0.071,0.416,0.061,0.105,0.647,0.666,0.100,0.542,0.089,0.504,0.072,0.410,0.061,0.111,0.660,0.673,0.105,0.564,0.087,0.490,0.071,0.371,0.061,0.097,0.660,0.673,0.118,0.582,0.085,0.459,0.065,0.267,0.059,0.084,0.654,0.661,0.118,0.574,0.081,0.417,0.062,0.127,0.058,0.074,0.626,0.633,0.126,0.551,0.076,0.356,0.060,0.095,0.058,0.071,0.522,0.520,0.122,0.463,0.072,0.243,0.059,0.086,0.057,0.067
17:59:07,37.1,0.512,0.607,0.078,0.445,0.078,0.438,0.067,0.358,0.059,0.091,0.627,0.639,0.097,0.532,0.083,0.506,0.071,0.426,0.061,0.111,0.647,0.666,0.102,0.547,0.090,0.512,0.073,0.420,0.061,0.113,0.660,0.674,0.106,0.571,0.088,0.498,0.071,0.382,0.060,0.098,0.659,0.674,0.109,0.589,0.085,0.467,0.065,0.279,0.059,0.083,0.654,0.661,0.123,0.585,0.082,0.427,0.063,0.129,0.059,0.073,0.625,0.633,0.128,0.553,0.076,0.365,0.060,0.097,0.058,0.071,0.518,0.515,0.122,0.464,0.073,0.253,0.060,0.087,0.057,0.067
18:14:07,37.0,0.508,0.605,0.077,0.440,0.075,0.442,0.070,0.369,0.059,0.088,0.627,0.638,0.098,0.538,0.087,0.512,0.070,0.433,0.061,0.111,0.647,0.666,0.105,0.558,0.090,0.519,0.073,0.431,0.061,0.115,0.660,0.674,0.104,0.575,0.087,0.505,0.070,0.392,0.060,0.098,0.659,0.674,0.119,0.592,0.085,0.475,0.066,0.291,0.059,0.083,0.653,0.660,0.130,0.582,0.082,0.435,0.063,0.129,0.059,0.074,0.623,0.632,0.131,0.559,0.076,0.375,0.060,0.098,0.058,0.070,0.513,0.511,0.126,0.464,0.075,0.255,0.060,0.087,0.057,0.067
18:29:07,37.1,0.503,0.601,0.079,0.440,0.075,0.447,0.067,0.375,0.060,0.089,0.625,0.638,0.095,0.546,0.085,0.518,0.072,0.440,0.062,0.109,0.646,0.665,0.108,0.567,0.090,0.526,0.073,0.440,0.061,0.115,0.660,0.675,0.103,0.580,0.088,0.512,0.071,0.402,0.061,0.096,0.658,0.674,0.119,0.599,0.084,0.483,0.066,0.303,0.060,0.084,0.652,0.660,0.130,0.586,0.083,0.444,0.062,0.131,0.058,0.073,0.622,0.632,0.132,0.563,0.076,0.384,0.060,0.099,0.058,0.071,0.508,0.507,0.130,0.461,0.073,0.258,0.060,0.087,0.057,0.067
18:44:07,37.0,0.496,0.599,0.079,0.443,0.082,0.451,0.068,0.381,0.060,0.091,0.624,0.637,0.096,0.551,0.082,0.523,0.075,0.449,0.062,0.108,0.645,0.666,0.106,0.572,0.092,0.533,0.072,0.450,0.061,0.119,0.659,0.675,0.107,0.583,0.089,0.519,0.071,0.412,0.061,0.100,0.658,0.674,0.125,0.599,0.086,0.490,0.066,0.314,0.060,0.086,0.652,0.660,0.131,0.589,0.083,0.453,0.063,0.134,0.059,0.074,0.621,0.630,0.133,0.566,0.077,0.396,0.061,0.101,0.059,0.071,0.504,0.502,0.136,0.460,0.075,0.265,0.060,0.085,0.058,0.067
18:59:07,37.1,0.491,0.594,0.080,0.446,0.075,0.453,0.070,0.387,0.060,0.092,0.622,0.637,0.092,0.556,0.081,0.529,0.075,0.457,0.062,0.108,0.644,0.665,0.112,0.578,0.092,0.540,0.072,0.457,0.061,0.121,0.658,0.675,0.118,0.589,0.092,0.526,0.071,0.423,0.061,0.100,0.658,0.674,0.134,0.606,0.086,0.497,0.066,0.326,0.060,0.085,0.650,0.660,0.135,0.594,0.083,0.460,0.063,0.137,0.059,0.074,0.619,0.629,0.133,0.569,0.078,0.403,0.061,0.101,0.059,0.071,0.500,0.497,0.138,0.465,0.076,0.271,0.060,0.084,0.057,0.067
19:14:07,37.1,0.486,0.590,0.078,0.446,0.077,0.457,0.068,0.393,0.060,0.092,0.620,0.636,0.092,0.560,0.085,0.532,0.076,0.462,0.062,0.110,0.644,0.665,0.106,0.583,0.091,0.549,0.073,0.465,0.062,0.124,0.657,0.674,0.122,0.592,0.090,0.534,0.071,0.433,0.061,0.102,0.656,0.674,0.136,0.609,0.087,0.504,0.066,0.339,0.060,0.088,0.649,0.659,0.138,0.607,0.083,0.467,0.064,0.142,0.059,0.075,0.617,0.628,0.134,0.573,0.077,0.410,0.062,0.102,0.059,0.071,0.495,0.494,0.147,0.464,0.077,0.269,0.061,0.084,0.057,0.066
19:29:07,37.1,0.481,0.586,0.083,0.448,0.077,0.458,0.068,0.398,0.059,0.093,0.619,0.635,0.092,0.561,0.091,0.538,0.076,0.470,0.063,0.115,0.642,0.665,0.108,0.587,0.092,0.553,0.072,0.472,0.062,0.127,0.656,0.674,0.132,0.596,0.092,0.544,0.071,0.443,0.061,0.104,0.656,0.674,0.117,0.608,0.087,0.511,0.067,0.350,0.060,0.089,0.649,0.659,0.137,0.605,0.083,0.475,0.064,0.149,0.059,0.075,0.615,0.626,0.135,0.576,0.078,0.416,0.063,0.103,0.059,0.072,0.489,0.490,0.153,0.463,0.077,0.274,0.061,0.083,0.057,0.065
19:44:07,37.0,0.474,0.581,0.084,0.449,0.077,0.460,0.069,0.400,0.060,0.095,0.617,0.635,0.093,0.558,0.087,0.542,0.076,0.476,0.062,0.118,0.641,0.665,0.102,0.596,0.094,0.557,0.072,0.480,0.062,0.129,0.656,0.675,0.103,0.601,0.092,0.557,0.071,0.451,0.061,0.104,0.655,0.673,0.137,0.611,0.087,0.522,0.067,0.360,0.060,0.088,0.647,0.658,0.139,0.606,0.084,0.482,0.064,0.155,0.059,0.076,0.613,0.625,0.135,0.579,0.079,0.422,0.062,0.104,0.059,0.073,0.485,0.486,0.158,0.459,0.077,0.279,0.061,0.085,0.058,0.066
19:59:07,37.0,0.467,0.577,0.084,0.448,0.079,0.462,0.068,0.402,0.061,0.097,0.614,0.633,0.093,0.570,0.092,0.547,0.076,0.483,0.063,0.122,0.641,0.665,0.103,0.600,0.095,0.569,0.072,0.487,0.062,0.131,0.655,0.674,0.107,0.604,0.090,0.560,0.070,0.458,0.062,0.107,0.654,0.673,0.134,0.616,0.087,0.527,0.067,0.372,0.061,0.087,0.646,0.657,0.137,0.610,0.083,0.489,0.064,0.163,0.060,0.077,0.611,0.624,0.136,0.582,0.079,0.429,0.062,0.106,0.059,0.072,0.481,0.483,0.160,0.460,0.077,0.286,0.062,0.084,0.058,0.066
20:14:07,37.0,0.463,0.574,0.081,0.449,0.080,0.463,0.068,0.406,0.062,0.098,0.612,0.632,0.092,0.569,0.093,0.552,0.076,0.489,0.063,0.126,0.639,0.664,0.104,0.602,0.090,0.577,0.073,0.494,0.063,0.136,0.654,0.673,0.119,0.609,0.089,0.563,0.072,0.466,0.061,0.107,0.653,0.673,0.138,0.619,0.088,0.532,0.068,0.382,0.061,0.090,0.645,0.658,0.137,0.612,0.082,0.495,0.064,0.172,0.059,0.076,0.609,0.622,0.140,0.585,0.079,0.436,0.062,0.106,0.059,0.072,0.476,0.478,0.156,0.452,0.078,0.292,0.062,0.084,0.058,0.066
20:29:07,37.1,0.459,0.568,0.081,0.450,0.082,0.463,0.068,0.409,0.061,0.100,0.610,0.631,0.095,0.566,0.095,0.556,0.078,0.494,0.063,0.128,0.638,0.664,0.106,0.604,0.087,0.574,0.073,0.501,0.063,0.140,0.652,0.673,0.138,0.612,0.091,0.569,0.071,0.475,0.062,0.109,0.652,0.672,0.144,0.620,0.087,0.539,0.067,0.393,0.061,0.089,0.643,0.656,0.140,0.615,0.083,0.502,0.064,0.178,0.059,0.076,0.607,0.621,0.143,0.586,0.086,0.442,0.062,0.108,0.059,0.073,0.472,0.473,0.148,0.457,0.078,0.298,0.062,0.083,0.057,0.066
20:44:07,37.0,0.452,0.562,0.084,0.450,0.080,0.464,0.069,0.411,0.061,0.102,0.608,0.629,0.094,0.571,0.094,0.561,0.079,0.501,0.064,0.131,0.637,0.663,0.112,0.606,0.093,0.583,0.073,0.506,0.063,0.143,0.652,0.673,0.141,0.616,0.092,0.572,0.072,0.481,0.062,0.105,0.650,0.672,0.151,0.624,0.088,0.544,0.067,0.404,0.061,0.090,0.642,0.656,0.141,0.620,0.083,0.508,0.064,0.184,0.060,0.077,0.605,0.620,0.148,0.590,0.078,0.448,0.062,0.111,0.059,0.073,0.467,0.467,0.140,0.449,0.080,0.302,0.062,0.084,0.057,0.065
20:59:07,37.1,0.445,0.556,0.088,0.448,0.079,0.466,0.069,0.413,0.062,0.105,0.605,0.628,0.097,0.571,0.095,0.565,0.080,0.505,0.063,0.130,0.635,0.663,0.122,0.608,0.093,0.583,0.073,0.512,0.063,0.146,0.650,0.672,0.144,0.620,0.094,0.573,0.071,0.487,0.062,0.106,0.650,0.672,0.154,0.626,0.088,0.549,0.067,0.413,0.061,0.090,0.641,0.655,0.150,0.623,0.083,0.514,0.064,0.195,0.061,0.077,0.602,0.618,0.148,0.591,0.078,0.454,0.063,0.112,0.059,0.072,0.459,0.464,0.135,0.447,0.081,0.293,0.062,0.084,0.058,0.065
21:14:07,37.0,0.442,0.553,0.091,0.449,0.079,0.465,0.069,0.415,0.061,0.106,0.603,0.627,0.097,0.574,0.089,0.569,0.080,0.510,0.064,0.134,0.634,0.662,0.128,0.612,0.096,0.588,0.073,0.518,0.063,0.151,0.650,0.672,0.149,0.623,0.094,0.576,0.072,0.494,0.062,0.107,0.648,0.671,0.159,0.631,0.088,0.553,0.067,0.421,0.060,0.093,0.639,0.654,0.154,0.626,0.083,0.519,0.064,0.205,0.061,0.076,0.600,0.616,0.154,0.592,0.080,0.459,0.062,0.111,0.059,0.071,0.453,0.459,0.131,0.445,0.081,0.293,0.062,0.082,0.057,0.065
21:29:07,37.1,0.436,0.550,0.092,0.448,0.079,0.465,0.071,0.419,0.061,0.108,0.600,0.625,0.095,0.578,0.095,0.572,0.080,0.515,0.064,0.139,0.632,0.662,0.133,0.619,0.091,0.595,0.074,0.524,0.063,0.148,0.649,0.672,0.152,0.627,0.095,0.581,0.073,0.501,0.062,0.108,0.647,0.671,0.163,0.634,0.088,0.559,0.068,0.430,0.060,0.092,0.638,0.654,0.157,0.630,0.084,0.525,0.065,0.214,0.061,0.076,0.597,0.614,0.163,0.594,0.079,0.465,0.062,0.114,0.060,0.072,0.448,0.454,0.128,0.441,0.081,0.293,0.061,0.084,0.057,0.065
21:44:07,37.1,0.431,0.544,0.093,0.446,0.081,0.465,0.072,0.420,0.061,0.111,0.601,0.623,0.102,0.581,0.086,0.576,0.080,0.520,0.064,0.145,0.631,0.661,0.135,0.618,0.092,0.598,0.075,0.530,0.063,0.156,0.647,0.671,0.156,0.630,0.095,0.587,0.073,0.507,0.062,0.112,0.646,0.670,0.165,0.642,0.089,0.566,0.068,0.439,0.061,0.093,0.636,0.652,0.164,0.632,0.084,0.530,0.065,0.220,0.061,0.078,0.595,0.612,0.175,0.596,0.079,0.468,0.063,0.117,0.060,0.073,0.441,0.448,0.125,0.445,0.080,0.295,0.061,0.084,0.057,0.064
21:59:07,37.0,0.423,0.536,0.094,0.446,0.083,0.464,0.073,0.417,0.062,0.112,0.599,0.621,0.097,0.583,0.095,0.580,0.079,0.524,0.065,0.150,0.629,0.660,0.137,0.616,0.092,0.599,0.075,0.537,0.063,0.164,0.646,0.670,0.156,0.638,0.096,0.588,0.073,0.513,0.062,0.112,0.644,0.669,0.168,0.639,0.089,0.568,0.068,0.447,0.061,0.095,0.634,0.652,0.166,0.635,0.085,0.535,0.065,0.227,0.061,0.079,0.591,0.610,0.177,0.596,0.081,0.473,0.063,0.117,0.060,0.074,0.434,0.440,0.123,0.435,0.079,0.295,0.062,0.084,0.057,0.064
22:14:07,37.1,0.415,0.531,0.092,0.443,0.085,0.464,0.074,0.417,0.064,0.114,0.591,0.619,0.103,0.587,0.094,0.583,0.079,0.530,0.065,0.168,0.627,0.660,0.134,0.619,0.088,0.601,0.076,0.543,0.063,0.176,0.644,0.670,0.155,0.639,0.095,0.591,0.074,0.519,0.062,0.115,0.643,0.669,0.168,0.642,0.089,0.574,0.068,0.455,0.061,0.096,0.633,0.651,0.174,0.637,0.085,0.540,0.065,0.233,0.060,0.081,0.588,0.608,0.169,0.597,0.082,0.476,0.063,0.118,0.060,0.074,0.426,0.433,0.123,0.432,0.079,0.297,0.061,0.082,0.057,0.064
22:29:07,37.1,0.408,0.520,0.092,0.442,0.085,0.464,0.074,0.419,0.064,0.114,0.586,0.617,0.098,0.590,0.086,0.587,0.079,0.534,0.064,0.183,0.625,0.658,0.138,0.622,0.093,0.606,0.076,0.549,0.063,0.176,0.642,0.669,0.158,0.640,0.095,0.596,0.074,0.525,0.062,0.118,0.642,0.668,0.170,0.645,0.089,0.580,0.069,0.461,0.061,0.098,0.630,0.649,0.179,0.641,0.084,0.545,0.065,0.240,0.061,0.082,0.585,0.606,0.168,0.598,0.080,0.480,0.063,0.119,0.060,0.074,0.420,0.426,0.124,0.428,0.078,0.297,0.061,0.083,0.057,0.063
22:44:07,37.1,0.400,0.516,0.092,0.440,0.091,0.463,0.075,0.419,0.064,0.117,0.586,0.615,0.104,0.593,0.098,0.591,0.079,0.539,0.064,0.189,0.623,0.658,0.141,0.625,0.093,0.608,0.077,0.557,0.063,0.187,0.641,0.669,0.161,0.643,0.090,0.601,0.074,0.531,0.063,0.122,0.640,0.668,0.170,0.648,0.088,0.587,0.069,0.468,0.061,0.100,0.629,0.648,0.177,0.642,0.084,0.550,0.065,0.247,0.060,0.081,0.581,0.603,0.172,0.600,0.082,0.483,0.064,0.122,0.060,0.074,0.413,0.422,0.121,0.424,0.077,0.297,0.060,0.083,0.056,0.063
22:59:07,37.0,0.396,0.512,0.092,0.439,0.091,0.461,0.075,0.420,0.064,0.119,0.581,0.613,0.093,0.596,0.096,0.594,0.079,0.543,0.064,0.191,0.621,0.657,0.143,0.628,0.087,0.612,0.076,0.563,0.064,0.202,0.639,0.668,0.161,0.646,0.091,0.605,0.074,0.538,0.063,0.120,0.638,0.667,0.173,0.652,0.089,0.591,0.069,0.476,0.062,0.100,0.627,0.646,0.176,0.645,0.085,0.556,0.065,0.254,0.060,0.081,0.578,0.600,0.171,0.600,0.084,0.487,0.063,0.124,0.059,0.074,0.406,0.414,0.123,0.419,0.076,0.296,0.060,0.084,0.056,0.064
23:14:07,37.0,0.385,0.498,0.093,0.438,0.091,0.460,0.075,0.420,0.065,0.118,0.582,0.611,0.095,0.598,0.097,0.597,0.077,0.547,0.065,0.181,0.619,0.656,0.146,0.631,0.089,0.617,0.077,0.566,0.064,0.208,0.637,0.667,0.161,0.649,0.094,0.608,0.073,0.541,0.062,0.126,0.636,0.666,0.173,0.654,0.089,0.602,0.069,0.482,0.061,0.099,0.625,0.646,0.179,0.647,0.085,0.562,0.065,0.262,0.060,0.081,0.575,0.598,0.172,0.600,0.085,0.490,0.064,0.127,0.060,0.074,0.397,0.406,0.125,0.419,0.077,0.296,0.060,0.084,0.056,0.063
23:29:07,37.0,0.371,0.491,0.091,0.435,0.092,0.459,0.073,0.419,0.065,0.121,0.578,0.607,0.094,0.600,0.088,0.600,0.079,0.550,0.065,0.180,0.616,0.655,0.144,0.634,0.097,0.620,0.077,0.575,0.065,0.209,0.635,0.666,0.161,0.652,0.096,0.611,0.073,0.546,0.063,0.129,0.634,0.665,0.168,0.657,0.089,0.608,0.069,0.488,0.062,0.102,0.623,0.644,0.179,0.649,0.086,0.569,0.065,0.268,0.061,0.083,0.570,0.595,0.170,0.600,0.086,0.492,0.064,0.128,0.061,0.074,0.388,0.399,0.128,0.411,0.077,0.295,0.060,0.083,0.056,0.063
23:44:07,37.0,0.361,0.494,0.090,0.434,0.093,0.457,0.075,0.420,0.064,0.123,0.572,0.605,0.092,0.602,0.095,0.603,0.079,0.554,0.064,0.184,0.614,0.654,0.145,0.637,0.093,0.623,0.076,0.580,0.064,0.213,0.633,0.665,0.156,0.654,0.095,0.616,0.073,0.554,0.063,0.129,0.632,0.664,0.168,0.659,0.090,0.617,0.069,0.494,0.062,0.102,0.619,0.643,0.184,0.651,0.085,0.575,0.065,0.276,0.060,0.083,0.566,0.592,0.172,0.600,0.087,0.494,0.064,0.130,0.061,0.075,0.379,0.392,0.126,0.406,0.077,0.294,0.060,0.081,0.056,0.062
23:59:07,37.1,0.351,0.482,0.090,0.432,0.092,0.455,0.074,0.421,0.065,0.126,0.565,0.602,0.099,0.605,0.090,0.607,0.081,0.558,0.064,0.192,0.611,0.653,0.146,0.640,0.091,0.628,0.076,0.585,0.063,0.222,0.631,0.664,0.151,0.657,0.094,0.620,0.074,0.558,0.063,0.131,0.630,0.662,0.167,0.662,0.090,0.616,0.069,0.500,0.063,0.103,0.617,0.641,0.177,0.653,0.087,0.583,0.066,0.285,0.061,0.082,0.562,0.588,0.172,0.600,0.085,0.497,0.063,0.131,0.061,0.075,0.370,0.383,0.126,0.400,0.077,0.293,0.060,0.081,0.055,0.062
0:00:00,,,,,,,,,,,,,,,,,,,,,,,,,,,,,,,,,,,,,,,,,,,,,,,,,,,,,,,,,,,,,,,,,,,,,,,,,,,,,,,,,
0:00:00,,,,,,,,,,,,,,,,,,,,,,,,,,,,,,,,,,,,,,,,,,,,,,,,,,,,,,,,,,,,,,,,,,,,,,,,,,,,,,,,,
0:00:00,,,,,,,,,,,,,,,,,,,,,,,,,,,,,,,,,,,,,,,,,,,,,,,,,,,,,,,,,,,,,,,,,,,,,,,,,,,,,,,,,
0:00:00,,,,,,,,,,,,,,,,,,,,,,,,,,,,,,,,,,,,,,,,,,,,,,,,,,,,,,,,,,,,,,,,,,,,,,,,,,,,,,,,,
0:00:00,,,,,,,,,,,,,,,,,,,,,,,,,,,,,,,,,,,,,,,,,,,,,,,,,,,,,,,,,,,,,,,,,,,,,,,,,,,,,,,,,
0:00:00,,,,,,,,,,,,,,,,,,,,,,,,,,,,,,,,,,,,,,,,,,,,,,,,,,,,,,,,,,,,,,,,,,,,,,,,,,,,,,,,,
0:00:00,,,,,,,,,,,,,,,,,,,,,,,,,,,,,,,,,,,,,,,,,,,,,,,,,,,,,,,,,,,,,,,,,,,,,,,,,,,,,,,,,
0:00:00,,,,,,,,,,,,,,,,,,,,,,,,,,,,,,,,,,,,,,,,,,,,,,,,,,,,,,,,,,,,,,,,,,,,,,,,,,,,,,,,,
0:00:00,,,,,,,,,,,,,,,,,,,,,,,,,,,,,,,,,,,,,,,,,,,,,,,,,,,,,,,,,,,,,,,,,,,,,,,,,,,,,,,,,
0:00:00,,,,,,,,,,,,,,,,,,,,,,,,,,,,,,,,,,,,,,,,,,,,,,,,,,,,,,,,,,,,,,,,,,,,,,,,,,,,,,,,,
0:00:00,,,,,,,,,,,,,,,,,,,,,,,,,,,,,,,,,,,,,,,,,,,,,,,,,,,,,,,,,,,,,,,,,,,,,,,,,,,,,,,,,
0:00:00,,,,,,,,,,,,,,,,,,,,,,,,,,,,,,,,,,,,,,,,,,,,,,,,,,,,,,,,,,,,,,,,,,,,,,,,,,,,,,,,,
0:00:00,,,,,,,,,,,,,,,,,,,,,,,,,,,,,,,,,,,,,,,,,,,,,,,,,,,,,,,,,,,,,,,,,,,,,,,,,,,,,,,,,
0:00:00,,,,,,,,,,,,,,,,,,,,,,,,,,,,,,,,,,,,,,,,,,,,,,,,,,,,,,,,,,,,,,,,,,,,,,,,,,,,,,,,,
0:00:00,,,,,,,,,,,,,,,,,,,,,,,,,,,,,,,,,,,,,,,,,,,,,,,,,,,,,,,,,,,,,,,,,,,,,,,,,,,,,,,,,
0:00:00,,,,,,,,,,,,,,,,,,,,,,,,,,,,,,,,,,,,,,,,,,,,,,,,,,,,,,,,,,,,,,,,,,,,,,,,,,,,,,,,,
0:00:00,,,,,,,,,,,,,,,,,,,,,,,,,,,,,,,,,,,,,,,,,,,,,,,,,,,,,,,,,,,,,,,,,,,,,,,,,,,,,,,,,
0:00:00,,,,,,,,,,,,,,,,,,,,,,,,,,,,,,,,,,,,,,,,,,,,,,,,,,,,,,,,,,,,,,,,,,,,,,,,,,,,,,,,,
0:00:00,,,,,,,,,,,,,,,,,,,,,,,,,,,,,,,,,,,,,,,,,,,,,,,,,,,,,,,,,,,,,,,,,,,,,,,,,,,,,,,,,
0:00:00,,,,,,,,,,,,,,,,,,,,,,,,,,,,,,,,,,,,,,,,,,,,,,,,,,,,,,,,,,,,,,,,,,,,,,,,,,,,,,,,,
0:00:00,,,,,,,,,,,,,,,,,,,,,,,,,,,,,,,,,,,,,,,,,,,,,,,,,,,,,,,,,,,,,,,,,,,,,,,,,,,,,,,,,
0:00:00,,,,,,,,,,,,,,,,,,,,,,,,,,,,,,,,,,,,,,,,,,,,,,,,,,,,,,,,,,,,,,,,,,,,,,,,,,,,,,,,,
0:00:00,,,,,,,,,,,,,,,,,,,,,,,,,,,,,,,,,,,,,,,,,,,,,,,,,,,,,,,,,,,,,,,,,,,,,,,,,,,,,,,,,
0:00:00,,,,,,,,,,,,,,,,,,,,,,,,,,,,,,,,,,,,,,,,,,,,,,,,,,,,,,,,,,,,,,,,,,,,,,,,,,,,,,,,,
0:00:00,,,,,,,,,,,,,,,,,,,,,,,,,,,,,,,,,,,,,,,,,,,,,,,,,,,,,,,,,,,,,,,,,,,,,,,,,,,,,,,,,

